#RIC,Date[L],Time[L],Type,Open,High,Low,Last,Volume
PNR.N,20110103,,End Of Day (from Real-Time),36.83,37.21,36.75,36.98,126233
PNR.N,20110104,,End Of Day (from Real-Time),36.97,36.97,35.89,36.39,137560
PNR.N,20110105,,End Of Day (from Real-Time),36.23,36.79,36.23,36.41,178851
PNR.N,20110106,,End Of Day (from Real-Time),36.48,37.2,36.48,36.58,156720
PNR.N,20110107,,End Of Day (from Real-Time),36.63,37.11,36.12,36.52,167839
PNR.N,20110110,,End Of Day (from Real-Time),35.65,36.24,35.06,36.05,305028
PNR.N,20110111,,End Of Day (from Real-Time),36.17,36.62,36.01,36.51,166478
PNR.N,20110112,,End Of Day (from Real-Time),36.75,37.15,36.68,36.9,142756
PNR.N,20110113,,End Of Day (from Real-Time),36.84,37.19,36.84,37.05,202672
PNR.N,20110114,,End Of Day (from Real-Time),36.98,37,36.69,36.98,100617
PNR.N,20110118,,End Of Day (from Real-Time),36.88,37.15,36.62,37.13,432130
PNR.N,20110119,,End Of Day (from Real-Time),37.08,37.22,36.34,36.49,110517
PNR.N,20110120,,End Of Day (from Real-Time),36.33,36.5,35.78,35.82,237456
PNR.N,20110121,,End Of Day (from Real-Time),36.09,36.15,35.55,35.57,180602
PNR.N,20110124,,End Of Day (from Real-Time),35.65,36.53,35.63,36.45,173506
PNR.N,20110125,,End Of Day (from Real-Time),36.35,36.64,36.11,36.64,163129
PNR.N,20110126,,End Of Day (from Real-Time),36.58,36.81,36.42,36.66,148347
PNR.N,20110127,,End Of Day (from Real-Time),36.61,36.75,36.08,36.42,162559
PNR.N,20110128,,End Of Day (from Real-Time),36.49,36.83,35.64,35.77,298615
PNR.N,20110131,,End Of Day (from Real-Time),35.88,36.39,35.84,36.17,382617
PNR.N,20110201,,End Of Day (from Real-Time),36.36,37.28,36.28,37.28,254557
PNR.N,20110202,,End Of Day (from Real-Time),37.28,37.95,36.94,37.66,219451
PNR.N,20110203,,End Of Day (from Real-Time),37.68,37.87,37.25,37.71,180060
PNR.N,20110204,,End Of Day (from Real-Time),37.74,38.24,37.37,38.18,123509
PNR.N,20110207,,End Of Day (from Real-Time),38.28,38.36,37.9,38.12,136923
PNR.N,20110208,,End Of Day (from Real-Time),38.11,38.23,37.91,38.08,66545
PNR.N,20110209,,End Of Day (from Real-Time),37.96,37.99,37.51,37.72,123898
PNR.N,20110210,,End Of Day (from Real-Time),37.61,38.25,37.61,37.96,75021
PNR.N,20110211,,End Of Day (from Real-Time),37.83,38.22,37.78,38.14,83488
PNR.N,20110214,,End Of Day (from Real-Time),38.2,38.24,38.06,38.17,62008
PNR.N,20110215,,End Of Day (from Real-Time),38.09,38.12,37.84,38.05,52294
PNR.N,20110216,,End Of Day (from Real-Time),38.16,38.57,38.03,38.05,171201
PNR.N,20110217,,End Of Day (from Real-Time),37.98,38.66,37.91,38.54,89562
PNR.N,20110218,,End Of Day (from Real-Time),38.53,38.97,38.38,38.58,168656
PNR.N,20110222,,End Of Day (from Real-Time),38.18,38.54,37.29,37.3,234673
PNR.N,20110223,,End Of Day (from Real-Time),37.38,37.77,36.45,36.81,198686
PNR.N,20110224,,End Of Day (from Real-Time),36.77,37.09,36.29,36.53,247882
PNR.N,20110225,,End Of Day (from Real-Time),36.76,37.34,36.54,37.21,130391
PNR.N,20110228,,End Of Day (from Real-Time),37.35,37.64,37.04,37.08,139015
PNR.N,20110301,,End Of Day (from Real-Time),37.31,37.38,36.3,36.43,141727
PNR.N,20110302,,End Of Day (from Real-Time),36.33,36.76,36.26,36.53,147683
PNR.N,20110303,,End Of Day (from Real-Time),36.92,37.63,36.92,37.35,145781
PNR.N,20110304,,End Of Day (from Real-Time),37.34,37.37,36.4,36.7,184302
PNR.N,20110307,,End Of Day (from Real-Time),36.75,36.84,35.58,36.04,517921
PNR.N,20110308,,End Of Day (from Real-Time),36.1,37.33,35.93,37.1,184308
PNR.N,20110309,,End Of Day (from Real-Time),37.06,37.21,36.67,36.89,255844
PNR.N,20110310,,End Of Day (from Real-Time),36.37,36.46,35.81,35.94,210861
PNR.N,20110311,,End Of Day (from Real-Time),35.63,36.33,35.63,36.16,158603
PNR.N,20110314,,End Of Day (from Real-Time),35.91,36.21,35.75,35.98,275943
PNR.N,20110315,,End Of Day (from Real-Time),35.06,36.02,35,35.72,158996
PNR.N,20110316,,End Of Day (from Real-Time),35.63,36.01,35.27,35.44,192699
PNR.N,20110317,,End Of Day (from Real-Time),36.09,36.25,35.68,35.89,142546
PNR.N,20110318,,End Of Day (from Real-Time),36.25,36.48,35.98,36.12,160710
PNR.N,20110321,,End Of Day (from Real-Time),36.59,37.33,36.59,37.08,141006
PNR.N,20110322,,End Of Day (from Real-Time),37.04,37.28,36.93,37.08,201736
PNR.N,20110323,,End Of Day (from Real-Time),36.91,36.99,36.32,36.86,98671
PNR.N,20110324,,End Of Day (from Real-Time),37,37.42,36.56,37.23,129490
PNR.N,20110325,,End Of Day (from Real-Time),37.29,37.66,37.14,37.29,125999
PNR.N,20110328,,End Of Day (from Real-Time),37.37,37.65,37.24,37.31,114506
PNR.N,20110329,,End Of Day (from Real-Time),37.32,37.64,37.23,37.64,145822
PNR.N,20110330,,End Of Day (from Real-Time),37.81,37.87,37.44,37.73,278257
PNR.N,20110331,,End Of Day (from Real-Time),37.76,38.2,37.69,37.79,212531
PNR.N,20110401,,End Of Day (from Real-Time),38.02,38.15,37.88,38,227614
PNR.N,20110404,,End Of Day (from Real-Time),39.1,39.1,38.46,38.5,466456
PNR.N,20110405,,End Of Day (from Real-Time),39,39.33,38.47,39.25,440182
PNR.N,20110406,,End Of Day (from Real-Time),39.47,39.76,39.35,39.48,298800
PNR.N,20110407,,End Of Day (from Real-Time),39.47,39.7,39,39.24,255554
PNR.N,20110408,,End Of Day (from Real-Time),39.39,39.49,38.65,38.89,201351
PNR.N,20110411,,End Of Day (from Real-Time),38.83,39.1,38.4,38.64,148050
PNR.N,20110412,,End Of Day (from Real-Time),38.41,38.48,37.87,38.01,175109
PNR.N,20110413,,End Of Day (from Real-Time),38.17,38.35,37.84,37.97,176231
PNR.N,20110414,,End Of Day (from Real-Time),37.64,37.9,37.5,37.7,160861
PNR.N,20110415,,End Of Day (from Real-Time),37.74,37.97,37.6,37.84,192751
PNR.N,20110418,,End Of Day (from Real-Time),37.31,37.37,36.74,37,405038
PNR.N,20110419,,End Of Day (from Real-Time),37.23,37.6,37.15,37.52,185054
PNR.N,20110420,,End Of Day (from Real-Time),38.05,38.5,38.05,38.28,189008
PNR.N,20110421,,End Of Day (from Real-Time),38.25,38.74,38.25,38.72,216292
PNR.N,20110425,,End Of Day (from Real-Time),38.72,39.03,38.58,38.92,228170
PNR.N,20110426,,End Of Day (from Real-Time),39.75,40.28,39.31,39.67,419877
PNR.N,20110427,,End Of Day (from Real-Time),39.64,39.86,38.91,39.61,244738
PNR.N,20110428,,End Of Day (from Real-Time),39.63,39.96,39.57,39.94,312264
PNR.N,20110429,,End Of Day (from Real-Time),40,40.34,39.96,40.16,257024
PNR.N,20110502,,End Of Day (from Real-Time),40.39,40.56,40.19,40.25,154092
PNR.N,20110503,,End Of Day (from Real-Time),39.98,40.49,39.73,39.82,188826
PNR.N,20110504,,End Of Day (from Real-Time),39.81,39.91,39.18,39.32,225140
PNR.N,20110505,,End Of Day (from Real-Time),39.07,39.53,38.75,38.99,159350
PNR.N,20110506,,End Of Day (from Real-Time),39.45,39.74,38.89,39.07,160732
PNR.N,20110509,,End Of Day (from Real-Time),39.03,39.74,38.89,39.43,166394
PNR.N,20110510,,End Of Day (from Real-Time),39.49,40.15,39.44,40,170461
PNR.N,20110511,,End Of Day (from Real-Time),39.96,39.96,39.16,39.36,133855
PNR.N,20110512,,End Of Day (from Real-Time),39.25,39.97,38.96,39.93,268295
PNR.N,20110513,,End Of Day (from Real-Time),39.98,40.05,39.26,39.41,164116
PNR.N,20110516,,End Of Day (from Real-Time),39.17,39.66,39.07,39.2,182679
PNR.N,20110517,,End Of Day (from Real-Time),38.96,39.11,38.39,38.85,191761
PNR.N,20110518,,End Of Day (from Real-Time),38.85,39.47,38.71,39.38,114206
PNR.N,20110519,,End Of Day (from Real-Time),39.51,39.83,39.16,39.57,102600
PNR.N,20110520,,End Of Day (from Real-Time),39.45,39.52,38.86,39.01,143710
PNR.N,20110523,,End Of Day (from Real-Time),38.53,38.67,38.19,38.47,202788
PNR.N,20110524,,End Of Day (from Real-Time),38.53,38.76,38.11,38.38,141854
PNR.N,20110525,,End Of Day (from Real-Time),38.25,39.51,38.12,39.41,279831
PNR.N,20110526,,End Of Day (from Real-Time),39.19,39.45,38.73,39.36,256133
PNR.N,20110527,,End Of Day (from Real-Time),39.6,40,39.52,39.85,184678
PNR.N,20110531,,End Of Day (from Real-Time),40,40.49,39.76,40.48,321743
PNR.N,20110601,,End Of Day (from Real-Time),40.4,40.49,38.95,38.95,295857
PNR.N,20110602,,End Of Day (from Real-Time),38.99,39.36,38.65,38.89,227815
PNR.N,20110603,,End Of Day (from Real-Time),38.3,38.73,38.08,38.26,301723
PNR.N,20110606,,End Of Day (from Real-Time),38.23,38.38,37.61,37.69,260776
PNR.N,20110607,,End Of Day (from Real-Time),37.94,38.02,37.46,37.47,378693
PNR.N,20110608,,End Of Day (from Real-Time),37.44,37.56,37.16,37.25,201767
PNR.N,20110609,,End Of Day (from Real-Time),37.37,37.97,37.08,37.82,336773
PNR.N,20110610,,End Of Day (from Real-Time),37.58,37.58,36.91,37,246745
PNR.N,20110613,,End Of Day (from Real-Time),37.18,37.38,37,37.11,148533
PNR.N,20110614,,End Of Day (from Real-Time),37.53,38.11,37.4,37.89,165857
PNR.N,20110615,,End Of Day (from Real-Time),37.48,37.84,37.3,37.48,376564
PNR.N,20110616,,End Of Day (from Real-Time),37.46,37.81,37.14,37.59,239681
PNR.N,20110617,,End Of Day (from Real-Time),37.95,37.96,37.66,37.79,330909
PNR.N,20110620,,End Of Day (from Real-Time),37.65,38.34,37.65,38.18,177416
PNR.N,20110621,,End Of Day (from Real-Time),38.48,39.11,38.36,38.97,217715
PNR.N,20110622,,End Of Day (from Real-Time),39.12,39.24,38.75,38.9,304068
PNR.N,20110623,,End Of Day (from Real-Time),38.29,39.2,38.08,39.2,469660
PNR.N,20110624,,End Of Day (from Real-Time),39.26,39.38,38.57,38.74,394374
PNR.N,20110627,,End Of Day (from Real-Time),38.71,39.16,38.47,38.83,258330
PNR.N,20110628,,End Of Day (from Real-Time),39.05,39.41,38.85,39.36,162108
PNR.N,20110629,,End Of Day (from Real-Time),39.57,39.73,39.07,39.57,294098
PNR.N,20110630,,End Of Day (from Real-Time),39.71,40.65,39.59,40.36,227955
PNR.N,20110701,,End Of Day (from Real-Time),40.31,41.37,40.3,41.27,148899
PNR.N,20110705,,End Of Day (from Real-Time),41.35,41.65,41.18,41.45,248782
PNR.N,20110706,,End Of Day (from Real-Time),41.37,41.55,41.24,41.45,344957
PNR.N,20110707,,End Of Day (from Real-Time),41.78,42.43,41.71,42.25,271573
PNR.N,20110708,,End Of Day (from Real-Time),41.69,42.06,41.5,42.06,182263
PNR.N,20110711,,End Of Day (from Real-Time),41.41,41.51,40.78,41.22,339026
PNR.N,20110712,,End Of Day (from Real-Time),40.99,41.44,40.91,41.01,220980
PNR.N,20110713,,End Of Day (from Real-Time),41.09,41.61,40.95,41.01,227421
PNR.N,20110714,,End Of Day (from Real-Time),41.2,41.38,40.14,40.36,200701
PNR.N,20110715,,End Of Day (from Real-Time),40.5,40.56,40.04,40.53,173518
PNR.N,20110718,,End Of Day (from Real-Time),40.38,40.38,39.63,39.9,178437
PNR.N,20110719,,End Of Day (from Real-Time),40.16,40.75,40.16,40.71,132778
PNR.N,20110720,,End Of Day (from Real-Time),40.83,40.91,40.35,40.63,161116
PNR.N,20110721,,End Of Day (from Real-Time),40.89,41.17,40.47,40.74,199985
PNR.N,20110722,,End Of Day (from Real-Time),40.74,40.96,40.48,40.48,215624
PNR.N,20110725,,End Of Day (from Real-Time),40.16,41.17,39.98,40.73,335204
PNR.N,20110726,,End Of Day (from Real-Time),38.32,39.23,38.1,38.9,540702
PNR.N,20110727,,End Of Day (from Real-Time),38.85,38.85,37.48,37.88,353753
PNR.N,20110728,,End Of Day (from Real-Time),37.84,38.09,37.19,37.22,439909
PNR.N,20110729,,End Of Day (from Real-Time),36.76,37.41,36.55,36.81,243835
PNR.N,20110801,,End Of Day (from Real-Time),37.41,37.49,36.15,36.56,365125
PNR.N,20110802,,End Of Day (from Real-Time),36.3,36.73,35.36,35.37,301308
PNR.N,20110803,,End Of Day (from Real-Time),35.34,35.62,34.56,35.51,229976
PNR.N,20110804,,End Of Day (from Real-Time),35.03,35.06,33.61,33.76,568425
PNR.N,20110805,,End Of Day (from Real-Time),34.26,34.48,32.7,33.53,540795
PNR.N,20110808,,End Of Day (from Real-Time),32.47,32.87,30.08,30.08,602936
PNR.N,20110809,,End Of Day (from Real-Time),30.55,31.99,29.78,31.99,387938
PNR.N,20110810,,End Of Day (from Real-Time),31.12,31.93,30.58,30.59,517867
PNR.N,20110811,,End Of Day (from Real-Time),30.84,33.01,30.72,32.55,254473
PNR.N,20110812,,End Of Day (from Real-Time),32.91,33.14,32.38,32.84,180735
PNR.N,20110815,,End Of Day (from Real-Time),33.07,33.66,33.05,33.66,224984
PNR.N,20110816,,End Of Day (from Real-Time),33.11,33.32,32.66,33.05,162964
PNR.N,20110817,,End Of Day (from Real-Time),33.28,33.47,32.48,32.77,89843
PNR.N,20110818,,End Of Day (from Real-Time),31.57,31.73,30.72,30.95,291103
PNR.N,20110819,,End Of Day (from Real-Time),30.43,31.4,30.22,30.26,175433
PNR.N,20110822,,End Of Day (from Real-Time),31.08,31.22,30.67,30.78,234622
PNR.N,20110823,,End Of Day (from Real-Time),30.94,32.11,30.62,32.11,151459
PNR.N,20110824,,End Of Day (from Real-Time),32.11,33,31.92,32.92,129108
PNR.N,20110825,,End Of Day (from Real-Time),33.26,33.38,31.66,31.89,134389
PNR.N,20110826,,End Of Day (from Real-Time),31.58,33.11,31.1,33.01,165984
PNR.N,20110829,,End Of Day (from Real-Time),33.68,34.64,33.68,34.55,138010
PNR.N,20110830,,End Of Day (from Real-Time),34.17,34.89,33.88,34.62,189336
PNR.N,20110831,,End Of Day (from Real-Time),34.89,35.49,34.04,34.32,349202
PNR.N,20110901,,End Of Day (from Real-Time),34.5,34.63,33.32,33.4,308927
PNR.N,20110902,,End Of Day (from Real-Time),32.51,32.95,31.92,32.15,163871
PNR.N,20110906,,End Of Day (from Real-Time),31.14,32.18,31.03,31.98,268718
PNR.N,20110907,,End Of Day (from Real-Time),32.61,33.48,32.42,33.3,229223
PNR.N,20110908,,End Of Day (from Real-Time),32.95,33.38,32.49,32.59,551608
PNR.N,20110909,,End Of Day (from Real-Time),32.33,32.4,31.18,31.31,364118
PNR.N,20110912,,End Of Day (from Real-Time),30.89,31.75,30.8,31.66,312851
PNR.N,20110913,,End Of Day (from Real-Time),31.87,32.72,31.8,32.46,248232
PNR.N,20110914,,End Of Day (from Real-Time),32.84,33.77,31.98,33.32,339167
PNR.N,20110915,,End Of Day (from Real-Time),33.71,34.25,33.34,34.15,338357
PNR.N,20110916,,End Of Day (from Real-Time),34.52,34.62,33.7,33.97,536513
PNR.N,20110919,,End Of Day (from Real-Time),33.23,34.13,32.94,33.95,301096
PNR.N,20110920,,End Of Day (from Real-Time),34.05,34.4,33.58,33.61,323163
PNR.N,20110921,,End Of Day (from Real-Time),33.56,33.58,32.77,32.77,367283
PNR.N,20110922,,End Of Day (from Real-Time),31.6,32.21,31.22,31.58,337856
PNR.N,20110923,,End Of Day (from Real-Time),31.32,32.21,31.22,31.66,279206
PNR.N,20110926,,End Of Day (from Real-Time),31.98,32.61,31.07,32.55,239716
PNR.N,20110927,,End Of Day (from Real-Time),33.52,34.39,33.09,33.3,231987
PNR.N,20110928,,End Of Day (from Real-Time),33.55,34.07,32.14,32.3,263669
PNR.N,20110929,,End Of Day (from Real-Time),33.01,33.36,32.07,32.57,650672
PNR.N,20110930,,End Of Day (from Real-Time),31.98,32.78,31.73,32.01,458911
PNR.N,20111003,,End Of Day (from Real-Time),31.66,32.51,30.9,30.97,293510
PNR.N,20111004,,End Of Day (from Real-Time),30.55,32.75,30.38,32.72,336064
PNR.N,20111005,,End Of Day (from Real-Time),32.87,33.69,32.52,33.57,177973
PNR.N,20111006,,End Of Day (from Real-Time),33.57,34.53,33.28,34.48,135037
PNR.N,20111007,,End Of Day (from Real-Time),34.71,34.87,33.98,34.15,181903
PNR.N,20111010,,End Of Day (from Real-Time),34.8,35.41,34.65,35.05,169049
PNR.N,20111011,,End Of Day (from Real-Time),34.82,35.63,34.81,35.32,196076
PNR.N,20111012,,End Of Day (from Real-Time),35.52,36.57,35.51,36.16,186385
PNR.N,20111013,,End Of Day (from Real-Time),35.79,35.96,35.13,35.36,363387
PNR.N,20111014,,End Of Day (from Real-Time),35.86,36.54,35.59,36.34,156045
PNR.N,20111017,,End Of Day (from Real-Time),36.16,36.23,35.07,35.21,260368
PNR.N,20111018,,End Of Day (from Real-Time),35.41,35.84,34.64,35.65,338346
PNR.N,20111019,,End Of Day (from Real-Time),35.68,35.85,35.18,35.37,220531
PNR.N,20111020,,End Of Day (from Real-Time),35.34,35.5,34.65,35.2,220063
PNR.N,20111021,,End Of Day (from Real-Time),35.71,36.32,35.35,36.31,192048
PNR.N,20111024,,End Of Day (from Real-Time),36.32,37.54,36.32,37.48,93703
PNR.N,20111025,,End Of Day (from Real-Time),37.22,37.36,36.43,36.64,169469
PNR.N,20111026,,End Of Day (from Real-Time),36.92,37.5,35.77,36.79,313713
PNR.N,20111027,,End Of Day (from Real-Time),36.9,37.95,36.84,37.13,341414
PNR.N,20111028,,End Of Day (from Real-Time),37.2,37.26,36.23,36.83,257499
PNR.N,20111031,,End Of Day (from Real-Time),36.39,36.82,35.78,35.95,241676
PNR.N,20111101,,End Of Day (from Real-Time),34.58,35.23,34.01,34.47,299213
PNR.N,20111102,,End Of Day (from Real-Time),35.08,35.45,34.75,35.26,226640
PNR.N,20111103,,End Of Day (from Real-Time),35.67,37.11,35.33,37.01,234943
PNR.N,20111104,,End Of Day (from Real-Time),36.55,37.03,36.14,36.96,132816
PNR.N,20111107,,End Of Day (from Real-Time),36.89,36.98,35.87,36.92,240754
PNR.N,20111108,,End Of Day (from Real-Time),37.03,37.46,36.14,37.42,139279
PNR.N,20111109,,End Of Day (from Real-Time),36.44,36.58,35.69,36.07,229798
PNR.N,20111110,,End Of Day (from Real-Time),36.57,36.77,36.08,36.47,168840
PNR.N,20111111,,End Of Day (from Real-Time),36.83,37.82,36.83,37.76,153125
PNR.N,20111114,,End Of Day (from Real-Time),37.65,37.74,37.08,37.46,178024
PNR.N,20111115,,End Of Day (from Real-Time),37.38,38.35,37.03,38.13,204989
PNR.N,20111116,,End Of Day (from Real-Time),37.73,38.62,37.51,37.62,164341
PNR.N,20111117,,End Of Day (from Real-Time),37.38,37.47,36.43,36.69,282056
PNR.N,20111118,,End Of Day (from Real-Time),37.02,37.24,36.52,36.83,111618
PNR.N,20111121,,End Of Day (from Real-Time),36.16,36.35,35.65,36.05,165611
PNR.N,20111122,,End Of Day (from Real-Time),36.16,36.22,35.51,35.97,138999
PNR.N,20111123,,End Of Day (from Real-Time),35.54,35.62,34.53,34.59,143194
PNR.N,20111125,,End Of Day (from Real-Time),34.32,35.03,34.32,34.57,75984
PNR.N,20111128,,End Of Day (from Real-Time),35.65,36.36,35.22,35.58,286400
PNR.N,20111129,,End Of Day (from Real-Time),35.8,36.42,35.67,35.83,144216
PNR.N,20111130,,End Of Day (from Real-Time),37.2,38.05,37.16,38.03,468473
PNR.N,20111201,,End Of Day (from Real-Time),37.86,38.17,37.2,37.23,188378
PNR.N,20111202,,End Of Day (from Real-Time),37.5,37.58,37.07,37.11,207966
PNR.N,20111205,,End Of Day (from Real-Time),37.66,37.69,37.05,37.35,177201
PNR.N,20111206,,End Of Day (from Real-Time),37.4,37.49,36.86,36.98,297010
PNR.N,20111207,,End Of Day (from Real-Time),36.79,37.08,36.29,36.82,788052
PNR.N,20111208,,End Of Day (from Real-Time),36.47,36.74,35.97,36.04,226239
PNR.N,20111209,,End Of Day (from Real-Time),36.2,36.89,36.17,36.74,173959
PNR.N,20111212,,End Of Day (from Real-Time),36.28,36.28,35.54,36.14,128149
PNR.N,20111213,,End Of Day (from Real-Time),36.42,36.7,35.66,36.01,310531
PNR.N,20111214,,End Of Day (from Real-Time),34.27,34.95,33.88,33.92,506741
PNR.N,20111215,,End Of Day (from Real-Time),34.25,34.31,33.46,33.54,469109
PNR.N,20111216,,End Of Day (from Real-Time),33.5,34.16,33.02,33.19,861175
PNR.N,20111219,,End Of Day (from Real-Time),33.43,33.6,32.51,32.62,274665
PNR.N,20111220,,End Of Day (from Real-Time),33.12,33.74,33.12,33.43,232728
PNR.N,20111221,,End Of Day (from Real-Time),33.43,33.43,32.69,33.19,247766
PNR.N,20111222,,End Of Day (from Real-Time),33.34,33.34,32.64,32.94,280956
PNR.N,20111223,,End Of Day (from Real-Time),33.11,33.54,32.93,33.51,138107
PNR.N,20111227,,End Of Day (from Real-Time),33.51,33.73,33.25,33.56,128534
PNR.N,20111228,,End Of Day (from Real-Time),33.62,33.62,32.75,32.92,138131
PNR.N,20111229,,End Of Day (from Real-Time),33.12,33.63,32.93,33.55,349252
PNR.N,20111230,,End Of Day (from Real-Time),33.58,33.73,33.29,33.29,184950
PNR.N,20120103,,End Of Day (from Real-Time),34.07,34.6,33.94,34.12,216035
PNR.N,20120104,,End Of Day (from Real-Time),34.07,34.71,33.9,34.59,221709
PNR.N,20120105,,End Of Day (from Real-Time),34.44,35.59,34.29,35.46,605525
PNR.N,20120106,,End Of Day (from Real-Time),35.52,35.55,35.06,35.25,302609
PNR.N,20120109,,End Of Day (from Real-Time),35.31,35.7,35.2,35.6,388059
PNR.N,20120110,,End Of Day (from Real-Time),36.05,36.13,35.84,36.08,240098
PNR.N,20120111,,End Of Day (from Real-Time),35.94,36.59,35.9,36.35,140306
PNR.N,20120112,,End Of Day (from Real-Time),36.44,36.85,36.14,36.76,227548
PNR.N,20120113,,End Of Day (from Real-Time),36.49,36.56,36.2,36.48,284634
PNR.N,20120117,,End Of Day (from Real-Time),36.95,37.21,36.87,36.88,209213
PNR.N,20120118,,End Of Day (from Real-Time),36.83,37.21,36.63,37.2,166014
PNR.N,20120119,,End Of Day (from Real-Time),37.44,37.8,37.14,37.63,114177
PNR.N,20120120,,End Of Day (from Real-Time),37.52,37.64,37.1,37.22,125418
PNR.N,20120123,,End Of Day (from Real-Time),37.25,37.76,36.8,36.96,83157
PNR.N,20120124,,End Of Day (from Real-Time),36.67,37.25,36.61,36.85,162557
PNR.N,20120125,,End Of Day (from Real-Time),36.53,37.32,36.26,37.21,131825
PNR.N,20120126,,End Of Day (from Real-Time),37.48,37.48,36.57,36.68,142876
PNR.N,20120127,,End Of Day (from Real-Time),36.48,37.06,36.48,36.69,166045
PNR.N,20120130,,End Of Day (from Real-Time),36.36,37.27,36.18,37.03,159899
PNR.N,20120131,,End Of Day (from Real-Time),37.29,37.32,36.04,36.82,228785
PNR.N,20120201,,End Of Day (from Real-Time),37.56,38.03,37.03,37.94,201812
PNR.N,20120202,,End Of Day (from Real-Time),37.9,38.21,37.56,37.65,128021
PNR.N,20120203,,End Of Day (from Real-Time),38.2,38.68,38.14,38.26,153612
PNR.N,20120206,,End Of Day (from Real-Time),38.08,38.24,38,38.07,113400
PNR.N,20120207,,End Of Day (from Real-Time),38,38.64,37.89,38.44,129826
PNR.N,20120208,,End Of Day (from Real-Time),38.5,38.62,38.2,38.56,96651
PNR.N,20120209,,End Of Day (from Real-Time),38.65,38.72,38.32,38.66,103551
PNR.N,20120210,,End Of Day (from Real-Time),38.25,38.29,37.74,38.07,131647
PNR.N,20120213,,End Of Day (from Real-Time),38.4,38.7,37.93,38.63,115902
PNR.N,20120214,,End Of Day (from Real-Time),38.39,38.83,38.31,38.83,88140
PNR.N,20120215,,End Of Day (from Real-Time),39,39.05,38.4,38.6,144859
PNR.N,20120216,,End Of Day (from Real-Time),38.58,39.19,38.4,39.05,137226
PNR.N,20120217,,End Of Day (from Real-Time),39.2,39.46,39.11,39.13,120905
PNR.N,20120221,,End Of Day (from Real-Time),39.47,39.7,39.01,39.12,111352
PNR.N,20120222,,End Of Day (from Real-Time),38.97,39.2,38.56,38.63,145996
PNR.N,20120223,,End Of Day (from Real-Time),38.59,39.12,38.51,39.03,72497
PNR.N,20120224,,End Of Day (from Real-Time),38.98,39.37,38.62,38.83,116622
PNR.N,20120227,,End Of Day (from Real-Time),38.45,39.48,38.14,39.28,192592
PNR.N,20120228,,End Of Day (from Real-Time),39.24,39.25,38.48,38.84,211019
PNR.N,20120229,,End Of Day (from Real-Time),38.85,39.24,38.5,38.5,684776
PNR.N,20120301,,End Of Day (from Real-Time),38.54,39.07,38.47,38.63,169407
PNR.N,20120302,,End Of Day (from Real-Time),38.78,38.78,38.3,38.36,191530
PNR.N,20120305,,End Of Day (from Real-Time),38.31,38.32,37.95,38.18,148147
PNR.N,20120306,,End Of Day (from Real-Time),37.73,37.75,37,37.15,149589
PNR.N,20120307,,End Of Day (from Real-Time),37.13,37.69,37.11,37.53,626144
PNR.N,20120308,,End Of Day (from Real-Time),37.8,38.3,37.63,38.24,145128
PNR.N,20120309,,End Of Day (from Real-Time),38.23,38.87,38.11,38.69,141808
PNR.N,20120312,,End Of Day (from Real-Time),38.64,38.99,38.5,38.93,123568
PNR.N,20120313,,End Of Day (from Real-Time),39.03,39.75,38.99,39.75,117046
PNR.N,20120314,,End Of Day (from Real-Time),39.71,39.87,39.29,39.49,69002
PNR.N,20120315,,End Of Day (from Real-Time),39.51,40,39.27,39.9,79867
PNR.N,20120316,,End Of Day (from Real-Time),39.93,40.11,39.74,39.83,485671
PNR.N,20120319,,End Of Day (from Real-Time),39.79,40.11,39.63,39.98,70442
PNR.N,20120320,,End Of Day (from Real-Time),39.69,39.78,39.36,39.54,125818
PNR.N,20120321,,End Of Day (from Real-Time),39.52,39.6,39.12,39.44,87208
PNR.N,20120322,,End Of Day (from Real-Time),39.01,39.16,38.42,39.08,150188
PNR.N,20120323,,End Of Day (from Real-Time),39.1,39.17,38.54,38.87,115020
PNR.N,20120326,,End Of Day (from Real-Time),39.37,39.93,39.37,39.89,116204
PNR.N,20120327,,End Of Day (from Real-Time),39.95,40.37,39.79,40.26,151140
PNR.N,20120328,,End Of Day (from Real-Time),47,48.77,45.54,46.32,1557407
PNR.N,20120329,,End Of Day (from Real-Time),46.4,47.31,45.75,47.14,557697
PNR.N,20120330,,End Of Day (from Real-Time),47,47.81,46.79,47.61,616339
PNR.N,20120402,,End Of Day (from Real-Time),47.32,47.59,46.75,47.12,268380
PNR.N,20120403,,End Of Day (from Real-Time),47.06,47.2,46.44,46.71,227467
PNR.N,20120404,,End Of Day (from Real-Time),46.36,46.4,45.64,46.11,372235
PNR.N,20120405,,End Of Day (from Real-Time),45.75,46.12,45.69,45.76,211909
PNR.N,20120409,,End Of Day (from Real-Time),45.05,45.14,44.63,45.1,190803
PNR.N,20120410,,End Of Day (from Real-Time),44.97,44.97,43.35,43.55,315206
PNR.N,20120411,,End Of Day (from Real-Time),44.04,44.08,43.36,43.79,186757
PNR.N,20120412,,End Of Day (from Real-Time),44.03,44.46,43.86,44.16,632660
PNR.N,20120413,,End Of Day (from Real-Time),44.06,44.36,43.81,44.05,259067
PNR.N,20120416,,End Of Day (from Real-Time),44.22,44.33,43.87,43.93,237374
PNR.N,20120417,,End Of Day (from Real-Time),44.25,44.45,43.95,44.13,242706
PNR.N,20120418,,End Of Day (from Real-Time),43.88,44.48,43.65,44.4,238399
PNR.N,20120419,,End Of Day (from Real-Time),44.33,44.76,43.7,44.24,231930
PNR.N,20120420,,End Of Day (from Real-Time),44.37,45.27,44.37,44.8,245228
PNR.N,20120423,,End Of Day (from Real-Time),44.16,44.31,43.34,44.11,241549
PNR.N,20120424,,End Of Day (from Real-Time),44.46,44.46,43.52,44.05,286083
PNR.N,20120425,,End Of Day (from Real-Time),44.22,44.47,43.73,44.3,409509
PNR.N,20120426,,End Of Day (from Real-Time),44.18,44.64,43.68,43.84,300338
PNR.N,20120427,,End Of Day (from Real-Time),44.12,44.12,43.58,43.64,230413
PNR.N,20120430,,End Of Day (from Real-Time),43.65,43.95,43.25,43.34,278491
PNR.N,20120501,,End Of Day (from Real-Time),43.55,44.12,43.11,43.39,148291
PNR.N,20120502,,End Of Day (from Real-Time),43.07,43.67,42.88,43.57,232886
PNR.N,20120503,,End Of Day (from Real-Time),43.57,43.79,43.25,43.27,239734
PNR.N,20120504,,End Of Day (from Real-Time),43.12,43.12,42.35,42.67,210589
PNR.N,20120507,,End Of Day (from Real-Time),42.48,42.78,42.45,42.6,165384
PNR.N,20120508,,End Of Day (from Real-Time),42.26,43.06,42.2,43.03,267460
PNR.N,20120509,,End Of Day (from Real-Time),42.26,43.23,41.87,42.66,241806
PNR.N,20120510,,End Of Day (from Real-Time),42.95,43.34,42.53,42.68,142988
PNR.N,20120511,,End Of Day (from Real-Time),42.51,43.63,42.44,43.47,216428
PNR.N,20120514,,End Of Day (from Real-Time),42.98,42.98,41.99,42.06,245230
PNR.N,20120515,,End Of Day (from Real-Time),42.03,42.8,41.97,42.43,212801
PNR.N,20120516,,End Of Day (from Real-Time),42.5,42.7,41.6,41.62,291422
PNR.N,20120517,,End Of Day (from Real-Time),41.53,41.58,40.43,40.47,234267
PNR.N,20120518,,End Of Day (from Real-Time),40.64,40.97,40.36,40.53,249214
PNR.N,20120521,,End Of Day (from Real-Time),40.76,41.2,40.45,41.08,213408
PNR.N,20120522,,End Of Day (from Real-Time),41.3,42.52,41.12,42.33,179119
PNR.N,20120523,,End Of Day (from Real-Time),41.9,42.72,41.24,42.7,148123
PNR.N,20120524,,End Of Day (from Real-Time),42.64,42.64,42.03,42.6,159018
PNR.N,20120525,,End Of Day (from Real-Time),42.55,42.8,41.48,41.6,246294
PNR.N,20120529,,End Of Day (from Real-Time),41.92,42.37,41.73,42.01,187952
PNR.N,20120530,,End Of Day (from Real-Time),41.63,41.63,40.73,40.86,259179
PNR.N,20120531,,End Of Day (from Real-Time),40.91,41.07,39.48,40.76,297626
PNR.N,20120601,,End Of Day (from Real-Time),40.01,40.58,39.79,39.85,276697
PNR.N,20120604,,End Of Day (from Real-Time),39.88,39.93,38.59,39.13,213917
PNR.N,20120605,,End Of Day (from Real-Time),39.02,39.33,38.68,39.15,154061
PNR.N,20120606,,End Of Day (from Real-Time),39.42,39.65,39.14,39.52,466497
PNR.N,20120607,,End Of Day (from Real-Time),39.96,40.27,39.13,39.25,737270
PNR.N,20120608,,End Of Day (from Real-Time),39.26,39.99,38.98,39.81,140119
PNR.N,20120611,,End Of Day (from Real-Time),40.12,40.25,38.89,38.92,161210
PNR.N,20120612,,End Of Day (from Real-Time),38.93,39.56,38.89,39.55,229767
PNR.N,20120613,,End Of Day (from Real-Time),39.51,39.51,38.66,38.84,228946
PNR.N,20120614,,End Of Day (from Real-Time),38.85,39.19,38.7,38.98,146031
PNR.N,20120615,,End Of Day (from Real-Time),39,39.29,38.76,38.98,992882
PNR.N,20120618,,End Of Day (from Real-Time),38.75,39.52,38.5,39.36,141819
PNR.N,20120619,,End Of Day (from Real-Time),39.43,40.69,39.4,40.09,208028
PNR.N,20120620,,End Of Day (from Real-Time),39.99,40.2,39.64,39.87,185776
PNR.N,20120621,,End Of Day (from Real-Time),39.85,40.09,38.95,38.99,264901
PNR.N,20120622,,End Of Day (from Real-Time),39.18,39.22,38.43,38.59,272874
PNR.N,20120625,,End Of Day (from Real-Time),38.09,38.09,37.36,37.41,130973
PNR.N,20120626,,End Of Day (from Real-Time),37.49,37.49,36.81,37.15,262975
PNR.N,20120627,,End Of Day (from Real-Time),37.27,37.53,37.21,37.35,119333
PNR.N,20120628,,End Of Day (from Real-Time),36.91,37.18,36.31,37.11,308265
PNR.N,20120629,,End Of Day (from Real-Time),38,38.66,37.62,38.28,424960
PNR.N,20120702,,End Of Day (from Real-Time),38.48,38.76,37.93,38.72,258701
PNR.N,20120703,,End Of Day (from Real-Time),38.78,39.79,38.68,39.76,108903
PNR.N,20120705,,End Of Day (from Real-Time),39.66,40.2,39.66,40.09,294898
PNR.N,20120706,,End Of Day (from Real-Time),39.74,39.85,38.95,39.29,240966
PNR.N,20120709,,End Of Day (from Real-Time),39.2,39.63,39.09,39.55,246427
PNR.N,20120710,,End Of Day (from Real-Time),39.66,39.9,38.08,38.3,274620
PNR.N,20120711,,End Of Day (from Real-Time),38.12,38.28,37.78,37.98,201815
PNR.N,20120712,,End Of Day (from Real-Time),37.6,38.16,37.45,37.98,170559
PNR.N,20120713,,End Of Day (from Real-Time),38,39.05,38,38.85,147885
PNR.N,20120716,,End Of Day (from Real-Time),38.71,38.71,38.14,38.24,111183
PNR.N,20120717,,End Of Day (from Real-Time),38.5,39.3,38.29,39.11,155761
PNR.N,20120718,,End Of Day (from Real-Time),38.93,40.38,38.91,39.94,109410
PNR.N,20120719,,End Of Day (from Real-Time),40.25,40.74,39.92,40.68,225205
PNR.N,20120720,,End Of Day (from Real-Time),40.31,40.42,39.6,39.75,143829
PNR.N,20120723,,End Of Day (from Real-Time),39.08,39.98,38.91,39.61,230319
PNR.N,20120724,,End Of Day (from Real-Time),40.95,42.44,40.74,41.46,424094
PNR.N,20120725,,End Of Day (from Real-Time),41.43,41.99,41.15,41.34,228710
PNR.N,20120726,,End Of Day (from Real-Time),41.96,43.01,41.73,43.01,206877
PNR.N,20120727,,End Of Day (from Real-Time),43.18,45.03,42.94,44.75,280552
PNR.N,20120730,,End Of Day (from Real-Time),44.7,44.81,44.17,44.28,142715
PNR.N,20120731,,End Of Day (from Real-Time),44.05,44.31,43.43,43.83,188918
PNR.N,20120801,,End Of Day (from Real-Time),44.26,44.7,42.97,43.07,161349
PNR.N,20120802,,End Of Day (from Real-Time),42.62,43.32,42.4,42.91,272556
PNR.N,20120803,,End Of Day (from Real-Time),43.73,43.88,43.41,43.69,252934
PNR.N,20120806,,End Of Day (from Real-Time),43.89,44.31,43.49,43.5,101353
PNR.N,20120807,,End Of Day (from Real-Time),43.8,44.11,43.65,43.91,110787
PNR.N,20120808,,End Of Day (from Real-Time),43.58,43.86,43.26,43.46,191783
PNR.N,20120809,,End Of Day (from Real-Time),43.48,43.61,42.94,42.97,319328
PNR.N,20120810,,End Of Day (from Real-Time),42.9,43.26,42.54,42.87,336351
PNR.N,20120813,,End Of Day (from Real-Time),42.88,43.21,42.37,42.52,216183
PNR.N,20120814,,End Of Day (from Real-Time),42.75,42.91,42.15,42.25,171245
PNR.N,20120815,,End Of Day (from Real-Time),42.27,42.55,42.16,42.49,162849
PNR.N,20120816,,End Of Day (from Real-Time),42.45,43.14,42.24,43.1,191921
PNR.N,20120817,,End Of Day (from Real-Time),43.07,43.83,43.01,43.8,129603
PNR.N,20120820,,End Of Day (from Real-Time),43.74,44.34,43.74,44.13,314561
PNR.N,20120821,,End Of Day (from Real-Time),44.11,44.7,43.96,44.52,271292
PNR.N,20120822,,End Of Day (from Real-Time),44.4,45.21,44.25,44.45,341236
PNR.N,20120823,,End Of Day (from Real-Time),44.34,44.37,43.32,43.38,182876
PNR.N,20120824,,End Of Day (from Real-Time),43.17,43.37,42.64,43.17,188712
PNR.N,20120827,,End Of Day (from Real-Time),43.34,43.34,42.49,42.61,316827
PNR.N,20120828,,End Of Day (from Real-Time),42.56,42.61,42.13,42.18,207810
PNR.N,20120829,,End Of Day (from Real-Time),42.22,42.32,41.77,42.03,169646
PNR.N,20120830,,End Of Day (from Real-Time),41.81,42.03,41.61,41.89,163087
PNR.N,20120831,,End Of Day (from Real-Time),42.12,43.32,42.12,42.5,258801
PNR.N,20120904,,End Of Day (from Real-Time),42.47,43.61,42.46,43.41,224371
PNR.N,20120905,,End Of Day (from Real-Time),43.35,43.55,42.59,42.89,194241
PNR.N,20120906,,End Of Day (from Real-Time),43,43.71,42.79,43.45,302323
PNR.N,20120907,,End Of Day (from Real-Time),43.6,43.69,43.18,43.3,152899
PNR.N,20120910,,End Of Day (from Real-Time),43.35,43.92,43.11,43.22,88782
PNR.N,20120911,,End Of Day (from Real-Time),43.1,43.32,42.88,43.03,176613
PNR.N,20120912,,End Of Day (from Real-Time),43.23,44.03,43.13,43.89,224332
PNR.N,20120913,,End Of Day (from Real-Time),43.81,43.88,43,43.38,353075
PNR.N,20120914,,End Of Day (from Real-Time),43.45,43.89,42.83,42.99,384486
PNR.N,20120917,,End Of Day (from Real-Time),42.85,43.71,41.98,42.35,303581
PNR.N,20120918,,End Of Day (from Real-Time),42.23,42.89,42.22,42.77,336309
PNR.N,20120919,,End Of Day (from Real-Time),42.58,44.46,42.55,44.16,711050
PNR.N,20120920,,End Of Day (from Real-Time),43.66,44.02,43.38,43.64,407688
PNR.N,20120921,,End Of Day (from Real-Time),43.95,44.25,43.18,44.04,670932
PNR.N,20120924,,End Of Day (from Real-Time),44.3,44.39,43.35,43.6,409687
PNR.N,20120925,,End Of Day (from Real-Time),43.6,43.85,42.55,42.73,568724
PNR.N,20120926,,End Of Day (from Real-Time),42.62,42.72,41.7,41.89,440085
PNR.N,20120927,,End Of Day (from Real-Time),42.4,43.52,42.28,43.38,505528
PNR.N,20120928,,End Of Day (from Real-Time),43.35,45,43.07,44.51,8736312
PNR.N,20121001,,End Of Day (from Real-Time),44.03,44.87,41.97,42.48,2989915
PNR.N,20121002,,End Of Day (from Real-Time),42.75,43.27,42.25,43.04,1228233
PNR.N,20121003,,End Of Day (from Real-Time),43.15,44.76,43.09,44.21,714449
PNR.N,20121004,,End Of Day (from Real-Time),44.53,44.61,43.88,44.53,679098
PNR.N,20121005,,End Of Day (from Real-Time),44.99,46.55,44.56,45.46,975097
PNR.N,20121008,,End Of Day (from Real-Time),45.17,45.37,44.1,45.33,541923
PNR.N,20121009,,End Of Day (from Real-Time),45.3,46.11,44.37,44.39,623185
PNR.N,20121010,,End Of Day (from Real-Time),44.21,44.61,43.43,43.58,632447
PNR.N,20121011,,End Of Day (from Real-Time),43.85,43.98,43.42,43.71,499973
PNR.N,20121012,,End Of Day (from Real-Time),43.89,44.05,43.2,43.63,444712
PNR.N,20121015,,End Of Day (from Real-Time),43.6,43.92,43.05,43.91,462749
PNR.N,20121016,,End Of Day (from Real-Time),44.01,44.5,43.71,43.84,407494
PNR.N,20121017,,End Of Day (from Real-Time),43.83,44.33,43.49,43.65,534834
PNR.N,20121018,,End Of Day (from Real-Time),43.44,44.04,43.09,43.14,417961
PNR.N,20121019,,End Of Day (from Real-Time),42.71,42.86,41.91,42.58,1541090
PNR.N,20121022,,End Of Day (from Real-Time),42.59,42.93,41.91,42.16,497441
PNR.N,20121023,,End Of Day (from Real-Time),41.54,41.64,40.74,40.95,363112
PNR.N,20121024,,End Of Day (from Real-Time),40.85,41.09,40.3,40.87,482729
PNR.N,20121025,,End Of Day (from Real-Time),41.28,41.43,40.87,41.25,318060
PNR.N,20121026,,End Of Day (from Real-Time),41.3,41.79,41.01,41.09,282187
PNR.N,20121031,,End Of Day (from Real-Time),41.5,42.86,41.5,42.24,712309
PNR.N,20121101,,End Of Day (from Real-Time),42,45.58,41.98,45.52,1172977
PNR.N,20121102,,End Of Day (from Real-Time),45.42,46.11,45.15,45.75,768255
PNR.N,20121105,,End Of Day (from Real-Time),45.54,45.99,45.03,45.54,446518
PNR.N,20121106,,End Of Day (from Real-Time),45.6,46.11,45.16,46.01,540415
PNR.N,20121107,,End Of Day (from Real-Time),45.54,46,44.85,45.01,473719
PNR.N,20121108,,End Of Day (from Real-Time),44.83,45.34,44.46,44.46,323753
PNR.N,20121109,,End Of Day (from Real-Time),44.05,45.02,43.75,44.41,425032
PNR.N,20121112,,End Of Day (from Real-Time),44.53,44.63,43.99,44.19,114035
PNR.N,20121113,,End Of Day (from Real-Time),43.9,44.49,43.81,44.14,257829
PNR.N,20121114,,End Of Day (from Real-Time),44.18,44.51,43.65,43.74,524507
PNR.N,20121115,,End Of Day (from Real-Time),43.6,43.99,43.37,43.54,326526
PNR.N,20121116,,End Of Day (from Real-Time),44.45,44.92,44.01,44.84,658411
PNR.N,20121119,,End Of Day (from Real-Time),45.29,45.94,45.21,45.54,568880
PNR.N,20121120,,End Of Day (from Real-Time),46,46.14,45.7,46.07,565032
PNR.N,20121121,,End Of Day (from Real-Time),46,46.45,45.78,46.24,289531
PNR.N,20121123,,End Of Day (from Real-Time),46.29,47.66,46.18,47.66,312436
PNR.N,20121126,,End Of Day (from Real-Time),47.3,47.86,47.2,47.8,392488
PNR.N,20121127,,End Of Day (from Real-Time),47.68,48.01,47.14,47.6,551817
PNR.N,20121128,,End Of Day (from Real-Time),47.43,47.66,47.23,47.56,588458
PNR.N,20121129,,End Of Day (from Real-Time),48.22,48.99,48.1,48.92,461918
PNR.N,20121130,,End Of Day (from Real-Time),48.92,48.98,48.24,48.49,626461
PNR.N,20121203,,End Of Day (from Real-Time),48.74,48.99,47.81,47.92,313211
PNR.N,20121204,,End Of Day (from Real-Time),48.01,48.62,48.01,48.34,211897
PNR.N,20121205,,End Of Day (from Real-Time),48.48,48.48,47.65,48.21,338982
PNR.N,20121206,,End Of Day (from Real-Time),48.21,48.26,47.56,47.69,364954
PNR.N,20121207,,End Of Day (from Real-Time),47.97,48.11,47.43,48.04,299388
PNR.N,20121210,,End Of Day (from Real-Time),48,48.46,47.92,48.17,233789
PNR.N,20121211,,End Of Day (from Real-Time),48.25,48.44,47.73,47.91,411314
PNR.N,20121212,,End Of Day (from Real-Time),48.13,48.24,47.73,47.93,187691
PNR.N,20121213,,End Of Day (from Real-Time),47.63,47.98,47.34,47.84,235746
PNR.N,20121214,,End Of Day (from Real-Time),47.82,48.32,47.7,47.96,325718
PNR.N,20121217,,End Of Day (from Real-Time),48.05,49,48.01,48.98,402286
PNR.N,20121218,,End Of Day (from Real-Time),49,49.5,48.82,49.25,450732
PNR.N,20121219,,End Of Day (from Real-Time),49.36,49.36,48.6,48.8,245905
PNR.N,20121220,,End Of Day (from Real-Time),48.86,48.86,48.37,48.78,289147
PNR.N,20121221,,End Of Day (from Real-Time),48.45,48.6,48.02,48.23,1054556
PNR.N,20121224,,End Of Day (from Real-Time),48.11,48.49,48.02,48.38,107175
PNR.N,20121226,,End Of Day (from Real-Time),48.38,48.56,48.05,48.27,254082
PNR.N,20121227,,End Of Day (from Real-Time),48.27,48.57,47.78,48.18,189191
PNR.N,20121228,,End Of Day (from Real-Time),47.61,48,47.43,47.51,215131
PNR.N,20121231,,End Of Day (from Real-Time),47.31,49.29,47.31,49.15,508547
PNR.N,20130102,,End Of Day (from Real-Time),50.01,50.83,50.01,50.61,418292
PNR.N,20130103,,End Of Day (from Real-Time),50.56,50.89,50.01,50.16,249381
PNR.N,20130104,,End Of Day (from Real-Time),50.31,50.31,49.73,49.94,222892
PNR.N,20130107,,End Of Day (from Real-Time),49.59,50.11,49.45,49.94,297190
PNR.N,20130108,,End Of Day (from Real-Time),49.72,50.169,49.4,49.65,205686
PNR.N,20130109,,End Of Day (from Real-Time),49.75,50.58,49.75,50.57,223044
PNR.N,20130110,,End Of Day (from Real-Time),50.91,50.92,50.18,50.6,211821
PNR.N,20130111,,End Of Day (from Real-Time),50.45,50.65,50.35,50.39,202041
PNR.N,20130114,,End Of Day (from Real-Time),50.27,50.44,50.1,50.34,217315
PNR.N,20130115,,End Of Day (from Real-Time),49.97,50.5,49.97,50.31,251467
PNR.N,20130116,,End Of Day (from Real-Time),50.19,50.96,50.04,50.83,191217
PNR.N,20130117,,End Of Day (from Real-Time),51,52.08,51,51.85,340809
PNR.N,20130118,,End Of Day (from Real-Time),52.05,52.59,51.39,52.58,901960
PNR.N,20130122,,End Of Day (from Real-Time),52.53,53.03,52.24,52.97,260135
PNR.N,20130123,,End Of Day (from Real-Time),52.73,53.07,52.49,52.93,250640
PNR.N,20130124,,End Of Day (from Real-Time),53,53.23,52.7,52.85,326101
PNR.N,20130125,,End Of Day (from Real-Time),53.02,53.25,52.85,53.25,367407
PNR.N,20130128,,End Of Day (from Real-Time),53.28,53.33,52.76,52.83,248537
PNR.N,20130129,,End Of Day (from Real-Time),52.4,52.4,50.43,51.35,560515
PNR.N,20130130,,End Of Day (from Real-Time),51.2,51.31,49.66,49.9,572184
PNR.N,20130131,,End Of Day (from Real-Time),49.95,50.85,49.95,50.68,994607
PNR.N,20130201,,End Of Day (from Real-Time),50.94,51.31,50.5,51.01,293485
PNR.N,20130204,,End Of Day (from Real-Time),50.6,51.49,50.6,51,246669
PNR.N,20130205,,End Of Day (from Real-Time),51.42,51.88,50.97,51.43,279032
PNR.N,20130206,,End Of Day (from Real-Time),51.04,51.25,50.78,50.98,274541
PNR.N,20130207,,End Of Day (from Real-Time),51.13,51.19,50.1,50.53,231979
PNR.N,20130208,,End Of Day (from Real-Time),50.59,51.33,50.59,51.05,209586
PNR.N,20130211,,End Of Day (from Real-Time),51.08,51.6,51.07,51.22,174639
PNR.N,20130212,,End Of Day (from Real-Time),51.32,52.28,51.26,52.03,184944
PNR.N,20130213,,End Of Day (from Real-Time),52.18,52.99,52.08,52.98,227937
PNR.N,20130214,,End Of Day (from Real-Time),52.72,53.19,52.72,52.83,229266
PNR.N,20130215,,End Of Day (from Real-Time),52.83,53.23,52.6,52.91,330934
PNR.N,20130219,,End Of Day (from Real-Time),52.9,53.46,52.59,52.62,217255
PNR.N,20130220,,End Of Day (from Real-Time),52.62,52.791,51.47,51.49,193163
PNR.N,20130221,,End Of Day (from Real-Time),51.31,51.33,50.6,50.86,191050
PNR.N,20130222,,End Of Day (from Real-Time),51.35,51.82,51.09,51.56,236340
PNR.N,20130225,,End Of Day (from Real-Time),51.75,52.14,50.75,50.77,378473
PNR.N,20130226,,End Of Day (from Real-Time),50.86,51.1,50.24,50.74,211908
PNR.N,20130227,,End Of Day (from Real-Time),50.73,52.86,50.73,52.62,181437
PNR.N,20130228,,End Of Day (from Real-Time),52.64,53.83,52.64,53.27,342633
PNR.N,20130301,,End Of Day (from Real-Time),52.21,52.78,51.7,52.23,336663
PNR.N,20130304,,End Of Day (from Real-Time),52.22,52.34,51.55,51.99,164665
PNR.N,20130305,,End Of Day (from Real-Time),52.42,53.44,52.42,52.65,279810
PNR.N,20130306,,End Of Day (from Real-Time),52.98,52.98,51.68,51.92,343172
PNR.N,20130307,,End Of Day (from Real-Time),51.98,52.38,51.46,51.59,261179
PNR.N,20130308,,End Of Day (from Real-Time),51.96,52.06,51.57,51.69,312190
PNR.N,20130311,,End Of Day (from Real-Time),51.67,51.95,51.55,51.59,262734
PNR.N,20130312,,End Of Day (from Real-Time),51.71,51.73,50.56,50.92,260948
PNR.N,20130313,,End Of Day (from Real-Time),50.96,51.65,50.6,51.58,192746
PNR.N,20130314,,End Of Day (from Real-Time),51.79,52.49,51.67,52.38,287184
PNR.N,20130315,,End Of Day (from Real-Time),52.08,53.2,52.08,52.69,1001390
PNR.N,20130318,,End Of Day (from Real-Time),52.12,53.23,51.89,52.78,195280
PNR.N,20130319,,End Of Day (from Real-Time),53,53.45,52.58,53.3,342456
PNR.N,20130320,,End Of Day (from Real-Time),53.53,54.19,53.41,53.49,261527
PNR.N,20130321,,End Of Day (from Real-Time),53.13,53.81,52.85,53.19,241628
PNR.N,20130322,,End Of Day (from Real-Time),53.28,53.61,53.06,53.39,204876
PNR.N,20130325,,End Of Day (from Real-Time),53.56,53.71,51.72,51.97,332658
PNR.N,20130326,,End Of Day (from Real-Time),52.25,52.3,51.18,51.65,355971
PNR.N,20130327,,End Of Day (from Real-Time),51.39,51.71,50.94,51.56,219568
PNR.N,20130328,,End Of Day (from Real-Time),51.55,52.81,51.35,52.75,355711
PNR.N,20130401,,End Of Day (from Real-Time),52.64,52.81,51.52,51.61,268880
PNR.N,20130402,,End Of Day (from Real-Time),51.92,52.6,51.73,51.89,167787
PNR.N,20130403,,End Of Day (from Real-Time),51.86,52.31,51.45,51.81,324461
PNR.N,20130404,,End Of Day (from Real-Time),51.9,52.83,51.88,52.78,298777
PNR.N,20130405,,End Of Day (from Real-Time),52.17,52.47,51.61,51.99,335073
PNR.N,20130408,,End Of Day (from Real-Time),51.88,52.93,51.77,52.9,177856
PNR.N,20130409,,End Of Day (from Real-Time),52.94,53.5,52.87,53.28,281351
PNR.N,20130410,,End Of Day (from Real-Time),53.3,54.05,53.01,54.05,328644
PNR.N,20130411,,End Of Day (from Real-Time),53.9,54.75,53.79,53.94,300069
PNR.N,20130412,,End Of Day (from Real-Time),53.72,54.18,53.3,53.35,237090
PNR.N,20130415,,End Of Day (from Real-Time),53.08,53.15,51.5,51.59,217616
PNR.N,20130416,,End Of Day (from Real-Time),51.91,52.53,51.32,52.52,260110
PNR.N,20130417,,End Of Day (from Real-Time),52.08,52.08,51.21,51.86,365403
PNR.N,20130418,,End Of Day (from Real-Time),51.95,52.08,50.49,50.6,334856
PNR.N,20130419,,End Of Day (from Real-Time),50.64,50.7,49.72,50.24,722932
PNR.N,20130422,,End Of Day (from Real-Time),50.34,50.37,49.67,50.05,307812
PNR.N,20130423,,End Of Day (from Real-Time),52,54.41,52,52.94,516460
PNR.N,20130424,,End Of Day (from Real-Time),53,54.51,52.95,54.37,352103
PNR.N,20130425,,End Of Day (from Real-Time),54.62,54.95,54.27,54.37,236099
PNR.N,20130426,,End Of Day (from Real-Time),54.33,54.48,53.64,53.8,335526
PNR.N,20130429,,End Of Day (from Real-Time),53.9,54.64,53.8,54.54,144566
PNR.N,20130430,,End Of Day (from Real-Time),54.38,54.82,53.87,54.35,329912
PNR.N,20130501,,End Of Day (from Real-Time),54.28,54.92,53.48,53.5,351090
PNR.N,20130502,,End Of Day (from Real-Time),53.7,53.8,53,53.25,314383
PNR.N,20130503,,End Of Day (from Real-Time),53.64,54.46,53.64,54.22,355436
PNR.N,20130506,,End Of Day (from Real-Time),54.16,54.67,54.16,54.5,145613
PNR.N,20130507,,End Of Day (from Real-Time),54.74,55.46,54.67,55.36,193173
PNR.N,20130508,,End Of Day (from Real-Time),55.23,55.72,55,55.48,145556
PNR.N,20130509,,End Of Day (from Real-Time),55.48,56.35,55.45,55.8,148419
PNR.N,20130510,,End Of Day (from Real-Time),55.81,56.17,55.36,55.75,295702
PNR.N,20130513,,End Of Day (from Real-Time),55.65,56.42,55.56,56.25,174476
PNR.N,20130514,,End Of Day (from Real-Time),56.29,57.34,56.29,57,215691
PNR.N,20130515,,End Of Day (from Real-Time),56.7,57.77,56.33,57.76,229115
PNR.N,20130516,,End Of Day (from Real-Time),57.59,58.01,57.3,57.53,269480
PNR.N,20130517,,End Of Day (from Real-Time),57.63,58.2,57.35,57.82,325507
PNR.N,20130520,,End Of Day (from Real-Time),57.64,58.44,57.45,58.08,129266
PNR.N,20130521,,End Of Day (from Real-Time),58,58.52,57.85,57.88,161200
PNR.N,20130522,,End Of Day (from Real-Time),57.86,58.54,56.95,57.06,208083
PNR.N,20130523,,End Of Day (from Real-Time),56.42,57.17,56.27,56.43,307152
PNR.N,20130524,,End Of Day (from Real-Time),56.2,57.59,56.05,57.47,276314
PNR.N,20130528,,End Of Day (from Real-Time),58,58.49,57.44,57.7,207405
PNR.N,20130529,,End Of Day (from Real-Time),57.16,58.06,57.05,57.88,174756
PNR.N,20130530,,End Of Day (from Real-Time),58.08,58.99,57.87,58.64,285758
PNR.N,20130531,,End Of Day (from Real-Time),58.37,59.59,58.23,58.24,506214
PNR.N,20130603,,End Of Day (from Real-Time),58.39,58.54,57.1,58.26,279911
PNR.N,20130604,,End Of Day (from Real-Time),58.11,58.45,56.8,57.77,282919
PNR.N,20130605,,End Of Day (from Real-Time),57.49,57.58,56.69,57.17,236753
PNR.N,20130606,,End Of Day (from Real-Time),57.05,58.21,56.97,58.21,234915
PNR.N,20130607,,End Of Day (from Real-Time),58.58,59.33,58.39,59.05,395048
PNR.N,20130610,,End Of Day (from Real-Time),59.18,59.52,58.89,59.46,201763
PNR.N,20130611,,End Of Day (from Real-Time),58.64,59.19,58.4,58.65,164253
PNR.N,20130612,,End Of Day (from Real-Time),59.12,59.13,57.95,58.05,101372
PNR.N,20130613,,End Of Day (from Real-Time),57.95,59.53,57.44,59.39,195137
PNR.N,20130614,,End Of Day (from Real-Time),59.26,60,59.16,59.72,225397
PNR.N,20130617,,End Of Day (from Real-Time),60,60,58.54,58.81,427431
PNR.N,20130618,,End Of Day (from Real-Time),58.95,59.73,58.48,59.57,174516
PNR.N,20130619,,End Of Day (from Real-Time),59.52,59.91,58.66,58.67,209508
PNR.N,20130620,,End Of Day (from Real-Time),57.87,58.03,56.61,56.71,292189
PNR.N,20130621,,End Of Day (from Real-Time),57.16,57.25,56.45,56.87,872220
PNR.N,20130624,,End Of Day (from Real-Time),56.03,56.59,55.5,55.8,347409
PNR.N,20130625,,End Of Day (from Real-Time),56.3,56.95,56.2,56.6,248339
PNR.N,20130626,,End Of Day (from Real-Time),57.03,57.31,56.53,57.22,173612
PNR.N,20130627,,End Of Day (from Real-Time),57.49,58.51,57.49,58.45,162028
PNR.N,20130628,,End Of Day (from Real-Time),58.34,58.46,57.69,57.69,880973
PNR.N,20130701,,End Of Day (from Real-Time),58,58.52,57.65,58.25,200671
PNR.N,20130702,,End Of Day (from Real-Time),58.13,58.68,57.75,57.94,205200
PNR.N,20130703,,End Of Day (from Real-Time),57.72,58.05,57.38,57.93,62808
PNR.N,20130705,,End Of Day (from Real-Time),58.34,58.79,57.98,58.78,124429
PNR.N,20130708,,End Of Day (from Real-Time),59.06,59.06,58.61,58.81,300119
PNR.N,20130709,,End Of Day (from Real-Time),59.23,59.44,58.68,58.89,215234
PNR.N,20130710,,End Of Day (from Real-Time),58.78,59.15,58.25,58.85,216052
PNR.N,20130711,,End Of Day (from Real-Time),59.83,60.77,59.21,60.65,434279
PNR.N,20130712,,End Of Day (from Real-Time),60.43,60.98,60.43,60.97,274828
PNR.N,20130715,,End Of Day (from Real-Time),61.31,61.31,60.27,60.88,231383
PNR.N,20130716,,End Of Day (from Real-Time),60.97,61.47,60.16,60.19,188983
PNR.N,20130717,,End Of Day (from Real-Time),60.48,60.66,60.07,60.23,125172
PNR.N,20130718,,End Of Day (from Real-Time),60.52,60.55,59.97,60.45,157810
PNR.N,20130719,,End Of Day (from Real-Time),60.48,60.97,60.14,60.74,535326
PNR.N,20130722,,End Of Day (from Real-Time),61.05,61.75,60.38,60.43,173821
PNR.N,20130723,,End Of Day (from Real-Time),59.69,61.48,59.32,59.92,304832
PNR.N,20130724,,End Of Day (from Real-Time),60.12,60.43,59.7,59.88,255876
PNR.N,20130725,,End Of Day (from Real-Time),59.93,60.81,59.67,60.79,172623
PNR.N,20130726,,End Of Day (from Real-Time),60.36,60.65,60.03,60.63,418204
PNR.N,20130729,,End Of Day (from Real-Time),60.5,60.73,59.91,60.36,143928
PNR.N,20130730,,End Of Day (from Real-Time),60.46,61.08,59.84,60.88,249347
PNR.N,20130731,,End Of Day (from Real-Time),61.04,61.64,61,61.08,286239
PNR.N,20130801,,End Of Day (from Real-Time),61.5,62.79,61.5,62.46,252771
PNR.N,20130802,,End Of Day (from Real-Time),62.34,62.53,61.83,62.53,165600
PNR.N,20130805,,End Of Day (from Real-Time),62.56,63.21,62.43,63.21,261285
PNR.N,20130806,,End Of Day (from Real-Time),62.91,63.35,62.81,63.23,301249
PNR.N,20130807,,End Of Day (from Real-Time),63.02,63.35,62.53,63.26,175911
PNR.N,20130808,,End Of Day (from Real-Time),63.51,63.76,63.18,63.61,217446
PNR.N,20130809,,End Of Day (from Real-Time),63.42,63.84,63.2,63.43,167487
PNR.N,20130812,,End Of Day (from Real-Time),63.17,63.92,63.17,63.86,149041
PNR.N,20130813,,End Of Day (from Real-Time),64,64.34,63.72,64.17,155119
PNR.N,20130814,,End Of Day (from Real-Time),64.28,64.87,63.4,63.46,154551
PNR.N,20130815,,End Of Day (from Real-Time),62.7,62.88,62.28,62.43,131412
PNR.N,20130816,,End Of Day (from Real-Time),62.19,62.47,61.99,62.11,265881
PNR.N,20130819,,End Of Day (from Real-Time),62.1,62.22,61.64,61.69,141216
PNR.N,20130820,,End Of Day (from Real-Time),61.69,62.19,61.54,61.92,111316
PNR.N,20130821,,End Of Day (from Real-Time),61.81,62,61.21,61.24,144727
PNR.N,20130822,,End Of Day (from Real-Time),61.39,62.24,61.39,62.11,103234
PNR.N,20130823,,End Of Day (from Real-Time),62.23,62.32,61.5,61.77,112637
PNR.N,20130826,,End Of Day (from Real-Time),61.73,62.18,61.55,61.65,124803
PNR.N,20130827,,End Of Day (from Real-Time),60.8,61.12,60.34,60.39,125439
PNR.N,20130828,,End Of Day (from Real-Time),60.38,60.85,59.9,60.58,152761
PNR.N,20130829,,End Of Day (from Real-Time),60.37,61.49,60.33,60.98,165817
PNR.N,20130830,,End Of Day (from Real-Time),61.01,61.01,59.97,60.11,290321
PNR.N,20130903,,End Of Day (from Real-Time),60.97,61.39,60.37,60.63,197363
PNR.N,20130904,,End Of Day (from Real-Time),60.66,61.77,60.65,61.63,117766
PNR.N,20130905,,End Of Day (from Real-Time),61.53,62.34,61.3,62.24,149124
PNR.N,20130906,,End Of Day (from Real-Time),62.41,62.45,61.16,61.64,167587
PNR.N,20130909,,End Of Day (from Real-Time),61.95,62.83,61.93,62.8,80028
PNR.N,20130910,,End Of Day (from Real-Time),63.19,64.35,63.08,64.32,161618
PNR.N,20130911,,End Of Day (from Real-Time),64.28,64.49,63.77,64.45,157432
PNR.N,20130912,,End Of Day (from Real-Time),64.34,64.66,63.83,64.11,161423
PNR.N,20130913,,End Of Day (from Real-Time),64.3,64.32,63.83,64.09,131920
PNR.N,20130916,,End Of Day (from Real-Time),64.73,64.81,64.25,64.35,107747
PNR.N,20130917,,End Of Day (from Real-Time),64.22,64.73,64.08,64.58,102728
PNR.N,20130918,,End Of Day (from Real-Time),64.55,65.31,64.08,65.13,182135
PNR.N,20130919,,End Of Day (from Real-Time),65.48,66.08,65.42,65.43,156742
PNR.N,20130920,,End Of Day (from Real-Time),65.44,66.49,65.44,65.82,1203995
PNR.N,20130923,,End Of Day (from Real-Time),65.51,65.68,64.35,64.67,257721
PNR.N,20130924,,End Of Day (from Real-Time),64.6,65.55,64.49,65.08,204830
PNR.N,20130925,,End Of Day (from Real-Time),65.08,65.73,64.93,65.5,194002
PNR.N,20130926,,End Of Day (from Real-Time),65.63,65.95,65.23,65.92,108585
PNR.N,20130927,,End Of Day (from Real-Time),65.43,65.74,65.16,65.52,119384
PNR.N,20130930,,End Of Day (from Real-Time),65.03,65.36,64.78,64.94,286697
PNR.N,20131001,,End Of Day (from Real-Time),64.73,66.11,64.73,65.98,173607
PNR.N,20131002,,End Of Day (from Real-Time),65.43,66.3,65.1,66.27,234785
PNR.N,20131003,,End Of Day (from Real-Time),66.01,66.28,64.87,65.58,177390
PNR.N,20131004,,End Of Day (from Real-Time),65.56,66.55,65.33,66.31,138088
PNR.N,20131007,,End Of Day (from Real-Time),65.34,65.78,65.05,65.25,195515
PNR.N,20131008,,End Of Day (from Real-Time),65.12,65.64,63.78,63.83,196365
PNR.N,20131009,,End Of Day (from Real-Time),63.98,64.31,63.34,63.8,188729
PNR.N,20131010,,End Of Day (from Real-Time),64.66,65.42,64.55,65.42,165925
PNR.N,20131011,,End Of Day (from Real-Time),65.35,66.59,65.35,66.39,131448
PNR.N,20131014,,End Of Day (from Real-Time),66.04,66.25,65.49,65.99,196626
PNR.N,20131015,,End Of Day (from Real-Time),65.79,65.91,64.61,64.74,230368
PNR.N,20131016,,End Of Day (from Real-Time),65.14,65.48,64.63,65.16,238703
PNR.N,20131017,,End Of Day (from Real-Time),64.75,64.84,64.18,64.56,238033
PNR.N,20131018,,End Of Day (from Real-Time),64.93,65.45,64.6,65.24,694937
PNR.N,20131021,,End Of Day (from Real-Time),65.5,65.82,65.31,65.7,304989
PNR.N,20131022,,End Of Day (from Real-Time),64.5,65.12,62.8,64.68,496253
PNR.N,20131023,,End Of Day (from Real-Time),64.44,65.16,63.83,65.11,314635
PNR.N,20131024,,End Of Day (from Real-Time),65.21,65.95,64.99,65.78,254633
PNR.N,20131025,,End Of Day (from Real-Time),65.75,66.69,65.61,66.67,273078
PNR.N,20131028,,End Of Day (from Real-Time),66.53,66.76,66.26,66.37,208222
PNR.N,20131029,,End Of Day (from Real-Time),66.55,67.72,66.4,67.64,231242
PNR.N,20131030,,End Of Day (from Real-Time),67.5,67.91,66.96,67.15,182104
PNR.N,20131031,,End Of Day (from Real-Time),66.64,67.57,66.56,67.09,296361
PNR.N,20131101,,End Of Day (from Real-Time),67.38,67.86,66.87,67.48,192938
PNR.N,20131104,,End Of Day (from Real-Time),67.67,68.05,67.43,67.85,155465
PNR.N,20131105,,End Of Day (from Real-Time),67.6,68.48,67.01,68.16,244928
PNR.N,20131106,,End Of Day (from Real-Time),68.35,68.51,67.7,68.02,120731
PNR.N,20131107,,End Of Day (from Real-Time),68.31,68.47,66.25,66.34,206020
PNR.N,20131108,,End Of Day (from Real-Time),66.33,67.38,66.33,67.36,276416
PNR.N,20131111,,End Of Day (from Real-Time),67.42,68.02,67.32,67.9,244505
PNR.N,20131112,,End Of Day (from Real-Time),67.83,68.4,67.67,68.05,174083
PNR.N,20131113,,End Of Day (from Real-Time),67.69,68.47,67.66,68.45,153980
PNR.N,20131114,,End Of Day (from Real-Time),68.77,69.8,68.57,69.74,225550
PNR.N,20131115,,End Of Day (from Real-Time),70.35,70.74,69.94,70.48,373382
PNR.N,20131118,,End Of Day (from Real-Time),70.72,70.86,70.05,70.29,152726
PNR.N,20131119,,End Of Day (from Real-Time),70.33,70.49,69.33,69.6,195906
PNR.N,20131120,,End Of Day (from Real-Time),70,70.4,69.52,69.64,181084
PNR.N,20131121,,End Of Day (from Real-Time),69.6,70.49,69.6,70.42,225863
PNR.N,20131122,,End Of Day (from Real-Time),70.33,70.6,69.35,70.37,205277
PNR.N,20131125,,End Of Day (from Real-Time),70.5,71.04,70.49,70.8,123587
PNR.N,20131126,,End Of Day (from Real-Time),70.77,71.3,70.77,70.94,383269
PNR.N,20131127,,End Of Day (from Real-Time),70.91,71.42,70.42,71.27,153917
PNR.N,20131129,,End Of Day (from Real-Time),71.28,71.28,70.7,70.72,183388
PNR.N,20131202,,End Of Day (from Real-Time),70.6,70.96,70.17,70.43,192688
PNR.N,20131203,,End Of Day (from Real-Time),69.97,70.23,69.35,69.99,210847
PNR.N,20131204,,End Of Day (from Real-Time),69.55,70.27,68.93,69.78,215265
PNR.N,20131205,,End Of Day (from Real-Time),69.63,70.12,69.43,69.75,161683
PNR.N,20131206,,End Of Day (from Real-Time),70.96,71.16,70.28,70.95,206278
PNR.N,20131209,,End Of Day (from Real-Time),70.81,71.43,70.63,71.24,204108
PNR.N,20131210,,End Of Day (from Real-Time),70.87,72.26,70.77,71.64,199341
PNR.N,20131211,,End Of Day (from Real-Time),71.6,71.65,70.13,70.25,181617
PNR.N,20131212,,End Of Day (from Real-Time),70.08,70.35,69.42,69.97,248037
PNR.N,20131213,,End Of Day (from Real-Time),70.25,70.62,69.73,70.01,194524
PNR.N,20131216,,End Of Day (from Real-Time),70.76,71.77,70.73,71.6,252028
PNR.N,20131217,,End Of Day (from Real-Time),72.29,73.47,72.07,72.83,320000
PNR.N,20131218,,End Of Day (from Real-Time),73.08,75.14,72.54,75.09,281505
PNR.N,20131219,,End Of Day (from Real-Time),74.89,74.99,74.25,74.89,211938
PNR.N,20131220,,End Of Day (from Real-Time),75.08,75.91,74.84,75.4,623047
PNR.N,20131223,,End Of Day (from Real-Time),76.07,76.26,75.27,75.92,300507
PNR.N,20131224,,End Of Day (from Real-Time),76.12,76.72,76.03,76.55,77881
PNR.N,20131226,,End Of Day (from Real-Time),76.66,77.59,76.4,77.39,104648
PNR.N,20131227,,End Of Day (from Real-Time),77.65,77.96,77.39,77.57,172099
PNR.N,20131230,,End Of Day (from Real-Time),77.57,77.9,77.2,77.39,136402
PNR.N,20131231,,End Of Day (from Real-Time),77.69,77.89,77.11,77.67,192884
PNR.N,20140102,,End Of Day (from Real-Time),77.35,77.68,76.43,76.87,187366
PNR.N,20140103,,End Of Day (from Real-Time),76.88,77.57,76.57,76.63,216799
PNR.N,20140106,,End Of Day (from Real-Time),77.13,77.21,76.11,76.15,359537
PNR.N,20140107,,End Of Day (from Real-Time),76.49,77.34,76.38,76.97,196867
PNR.N,20140108,,End Of Day (from Real-Time),76.8,77.5,76.5,77.26,182773
PNR.N,20140109,,End Of Day (from Real-Time),77.44,77.82,77.1,77.31,177392
PNR.N,20140110,,End Of Day (from Real-Time),77.5,77.55,76.88,77.02,162285
PNR.N,20140113,,End Of Day (from Real-Time),76.62,76.81,74.93,75.08,424373
PNR.N,20140114,,End Of Day (from Real-Time),75.3,75.99,74.79,75.8,288500
PNR.N,20140115,,End Of Day (from Real-Time),76.07,77.19,76.07,77.19,293585
PNR.N,20140116,,End Of Day (from Real-Time),76.95,77.43,76.79,77.18,166062
PNR.N,20140117,,End Of Day (from Real-Time),77.17,77.84,76.13,77.6,957277
PNR.N,20140121,,End Of Day (from Real-Time),77.95,78.132,76.912,77.75,225452
PNR.N,20140122,,End Of Day (from Real-Time),77.85,78.07,77.04,77.38,199393
PNR.N,20140123,,End Of Day (from Real-Time),76.9,76.99,75.46,75.71,261394
PNR.N,20140124,,End Of Day (from Real-Time),75.21,75.38,72.05,72.22,606955
PNR.N,20140127,,End Of Day (from Real-Time),72.62,72.99,71.33,72.01,358295
PNR.N,20140128,,End Of Day (from Real-Time),75.96,75.96,73.11,74.8,491554
PNR.N,20140129,,End Of Day (from Real-Time),74.66,75.72,73.6,73.98,364243
PNR.N,20140130,,End Of Day (from Real-Time),74.63,74.86,73.92,74.74,209924
PNR.N,20140131,,End Of Day (from Real-Time),73,74.91,73,74.33,368857
PNR.N,20140203,,End Of Day (from Real-Time),74.3,74.9,71.47,71.57,499845
PNR.N,20140204,,End Of Day (from Real-Time),72.06,73.92,71.39,73.85,354029
PNR.N,20140205,,End Of Day (from Real-Time),73.57,75.01,73.4,74.81,262966
PNR.N,20140206,,End Of Day (from Real-Time),74.62,75.24,74.17,74.94,230149
PNR.N,20140207,,End Of Day (from Real-Time),75.25,76.41,75.16,76.37,209554
PNR.N,20140210,,End Of Day (from Real-Time),76.37,76.69,75.77,76.55,212190
PNR.N,20140211,,End Of Day (from Real-Time),76.37,77.66,76.37,77.31,259957
PNR.N,20140212,,End Of Day (from Real-Time),77.36,78.23,77.34,77.67,200764
PNR.N,20140213,,End Of Day (from Real-Time),76.8,77.94,76.42,77.93,177807
PNR.N,20140214,,End Of Day (from Real-Time),77.85,78.46,77.37,78.38,213297
PNR.N,20140218,,End Of Day (from Real-Time),78.88,79.08,78.2,79.05,227847
PNR.N,20140219,,End Of Day (from Real-Time),78.89,79.22,77.74,77.83,239293
PNR.N,20140220,,End Of Day (from Real-Time),77.94,79.24,77.94,78.99,291949
PNR.N,20140221,,End Of Day (from Real-Time),79.22,79.95,78.705,79.17,273821
PNR.N,20140224,,End Of Day (from Real-Time),79.3,79.97,79.24,79.52,188560
PNR.N,20140225,,End Of Day (from Real-Time),79.58,80.53,79.37,80.18,221318
PNR.N,20140226,,End Of Day (from Real-Time),80.29,80.73,79.81,80.39,182746
PNR.N,20140227,,End Of Day (from Real-Time),80.37,81.08,80.16,80.94,122990
PNR.N,20140228,,End Of Day (from Real-Time),81.14,81.36,80.34,80.81,264827
PNR.N,20140303,,End Of Day (from Real-Time),80.06,80.64,79.56,80.28,132523
PNR.N,20140304,,End Of Day (from Real-Time),81.4,82.12,81.29,81.92,245292
PNR.N,20140305,,End Of Day (from Real-Time),81.91,82.18,81.47,81.91,319521
PNR.N,20140306,,End Of Day (from Real-Time),82.04,82.79,81.93,82.72,236298
PNR.N,20140307,,End Of Day (from Real-Time),83.03,83.37,82.4,82.81,288411
PNR.N,20140310,,End Of Day (from Real-Time),82.59,82.73,81.94,82.38,129002
PNR.N,20140311,,End Of Day (from Real-Time),82.36,82.77,80.98,81.35,233725
PNR.N,20140312,,End Of Day (from Real-Time),80.73,80.73,79.48,80.24,242270
PNR.N,20140313,,End Of Day (from Real-Time),80.51,80.69,78.06,78.57,323828
PNR.N,20140314,,End Of Day (from Real-Time),78.58,78.85,77.37,77.43,398567
PNR.N,20140317,,End Of Day (from Real-Time),78.16,79.37,78.16,79.08,280181
PNR.N,20140318,,End Of Day (from Real-Time),79.35,79.71,79.05,79.46,162257
PNR.N,20140319,,End Of Day (from Real-Time),79.5,79.77,78.1,78.61,220446
PNR.N,20140320,,End Of Day (from Real-Time),78.34,79.04,77.96,79.02,168851
PNR.N,20140321,,End Of Day (from Real-Time),79.97,79.97,78.09,78.25,1238499
PNR.N,20140324,,End Of Day (from Real-Time),78.72,79.34,77.64,78.24,185717
PNR.N,20140325,,End Of Day (from Real-Time),78.91,79.34,77.91,78.63,160816
PNR.N,20140326,,End Of Day (from Real-Time),79.08,79.46,77.21,77.24,279196
PNR.N,20140327,,End Of Day (from Real-Time),77.26,77.38,76.07,76.52,294286
PNR.N,20140328,,End Of Day (from Real-Time),76.65,77.87,76.58,77.66,222103
PNR.N,20140331,,End Of Day (from Real-Time),78.18,79.39,78.11,79.34,302447
PNR.N,20140401,,End Of Day (from Real-Time),79.36,80.7,79.36,80.24,206613
PNR.N,20140402,,End Of Day (from Real-Time),80.39,81.04,80.31,80.55,208130
PNR.N,20140403,,End Of Day (from Real-Time),80.67,80.85,79.74,80,197538
PNR.N,20140404,,End Of Day (from Real-Time),80.68,80.68,78.01,78.23,342973
PNR.N,20140407,,End Of Day (from Real-Time),77.85,77.85,76.15,76.72,236048
PNR.N,20140408,,End Of Day (from Real-Time),76.92,78.48,76.72,78.45,301669
PNR.N,20140409,,End Of Day (from Real-Time),78.69,80.17,78.33,80.1,253919
PNR.N,20140410,,End Of Day (from Real-Time),80.06,80.06,78.1,78.13,338435
PNR.N,20140411,,End Of Day (from Real-Time),77.67,78.43,76.84,77.05,293659
PNR.N,20140414,,End Of Day (from Real-Time),77.77,78.21,77.05,77.42,267126
PNR.N,20140415,,End Of Day (from Real-Time),77.73,78.14,76.23,77.73,202795
PNR.N,20140416,,End Of Day (from Real-Time),78.61,80,78.11,79.99,196779
PNR.N,20140417,,End Of Day (from Real-Time),80.19,80.26,79.55,79.55,444046
PNR.N,20140421,,End Of Day (from Real-Time),79.6,80.57,79.38,80.48,205512
PNR.N,20140422,,End Of Day (from Real-Time),77.7,78.16,74.46,74.95,843936
PNR.N,20140423,,End Of Day (from Real-Time),73.25,76.01,73.21,75.18,485180
PNR.N,20140424,,End Of Day (from Real-Time),75.35,75.61,74.53,74.84,447725
PNR.N,20140425,,End Of Day (from Real-Time),74.64,74.99,73.71,73.83,341295
PNR.N,20140428,,End Of Day (from Real-Time),74.09,74.22,71.96,73.11,688296
PNR.N,20140429,,End Of Day (from Real-Time),73.41,73.9,72.76,73.6,272195
PNR.N,20140430,,End Of Day (from Real-Time),73.54,74.47,73.54,74.29,267895
PNR.N,20140501,,End Of Day (from Real-Time),74.29,74.51,73.69,74.21,247134
PNR.N,20140502,,End Of Day (from Real-Time),74.5,75.36,74.27,74.7,313269
PNR.N,20140505,,End Of Day (from Real-Time),74.27,75.035,73.98,74.92,204243
PNR.N,20140506,,End Of Day (from Real-Time),74.71,75.18,74.29,74.86,249911
PNR.N,20140507,,End Of Day (from Real-Time),74.96,75.38,74.53,75.14,267692
PNR.N,20140508,,End Of Day (from Real-Time),74.83,75.93,74.83,75.57,194448
PNR.N,20140509,,End Of Day (from Real-Time),75.36,75.5,74.37,74.97,276864
PNR.N,20140512,,End Of Day (from Real-Time),75.34,76.45,75.34,76.42,240568
PNR.N,20140513,,End Of Day (from Real-Time),76.61,76.92,76.12,76.36,175227
PNR.N,20140514,,End Of Day (from Real-Time),76.08,76.36,75.12,75.22,170744
PNR.N,20140515,,End Of Day (from Real-Time),74.84,74.84,73.05,74.1,356862
PNR.N,20140516,,End Of Day (from Real-Time),73.55,74.04,72.79,73.36,494471
PNR.N,20140519,,End Of Day (from Real-Time),73.22,74.56,72.93,74.36,226199
PNR.N,20140520,,End Of Day (from Real-Time),74.36,74.39,72.75,73.02,168271
PNR.N,20140521,,End Of Day (from Real-Time),73.12,74.02,73.09,73.78,221553
PNR.N,20140522,,End Of Day (from Real-Time),74.05,74.61,73.87,74.1,204450
PNR.N,20140523,,End Of Day (from Real-Time),74.33,74.79,74.12,74.72,251959
PNR.N,20140527,,End Of Day (from Real-Time),75.21,75.93,75.1,75.14,191722
PNR.N,20140528,,End Of Day (from Real-Time),75.31,75.72,74.56,74.61,212635
PNR.N,20140529,,End Of Day (from Real-Time),74.69,74.87,73.93,74.4,237401
PNR.N,20140530,,End Of Day (from Real-Time),74.32,74.7,73.73,74.64,495267
PNR.N,20140602,,End Of Day (from Real-Time),74.79,75.04,73.99,74.96,159402
PNR.N,20140603,,End Of Day (from Real-Time),74.74,74.9,73.99,74.29,144533
PNR.N,20140604,,End Of Day (from Real-Time),74.17,74.83,74.16,74.54,168516
PNR.N,20140605,,End Of Day (from Real-Time),74.92,76.49,74.49,76.18,226399
PNR.N,20140606,,End Of Day (from Real-Time),76.33,77.43,76.33,77.4,211213
PNR.N,20140609,,End Of Day (from Real-Time),77.23,79.2,77.21,78.5,206115
PNR.N,20140610,,End Of Day (from Real-Time),78.24,78.43,77.93,78.06,132593
PNR.N,20140611,,End Of Day (from Real-Time),77.68,77.88,77.24,77.42,149712
PNR.N,20140612,,End Of Day (from Real-Time),77.38,77.62,75.16,75.35,345276
PNR.N,20140613,,End Of Day (from Real-Time),75.37,75.58,74.9,75.18,241294
PNR.N,20140616,,End Of Day (from Real-Time),75.1,75.92,74.94,75.48,210749
PNR.N,20140617,,End Of Day (from Real-Time),75.15,75.75,75.08,75.46,214382
PNR.N,20140618,,End Of Day (from Real-Time),75.58,75.58,74.3,74.9,228769
PNR.N,20140619,,End Of Day (from Real-Time),74.94,74.94,74.25,74.67,318012
PNR.N,20140620,,End Of Day (from Real-Time),74.67,75.56,74.66,75.37,939554
PNR.N,20140623,,End Of Day (from Real-Time),75.37,75.58,75.23,75.42,152824
PNR.N,20140624,,End Of Day (from Real-Time),75.62,75.69,74.9,74.94,235781
PNR.N,20140625,,End Of Day (from Real-Time),74.73,74.87,73.88,74.14,195200
PNR.N,20140626,,End Of Day (from Real-Time),73.92,74.12,73.01,73.17,280481
PNR.N,20140627,,End Of Day (from Real-Time),72.72,73.13,72.37,72.76,494065
PNR.N,20140630,,End Of Day (from Real-Time),72.64,73.36,71.94,72.12,505510
PNR.N,20140701,,End Of Day (from Real-Time),72.57,72.73,71.92,72.5,235816
PNR.N,20140702,,End Of Day (from Real-Time),72.28,72.6,71.85,71.9,276102
PNR.N,20140703,,End Of Day (from Real-Time),72.41,72.653,72.08,72.2,252937
PNR.N,20140707,,End Of Day (from Real-Time),71.93,71.98,70.921,71.05,383084
PNR.N,20140708,,End Of Day (from Real-Time),71,71.05,70.02,70.24,550692
PNR.N,20140709,,End Of Day (from Real-Time),70.51,71.11,70.4,70.97,380136
PNR.N,20140710,,End Of Day (from Real-Time),70.09,70.79,69.66,70.48,274201
PNR.N,20140711,,End Of Day (from Real-Time),70.68,71,70.01,70.84,233677
PNR.N,20140714,,End Of Day (from Real-Time),71.54,72.45,71.34,72.24,388483
PNR.N,20140715,,End Of Day (from Real-Time),72,72.65,71.55,72.5,473814
PNR.N,20140716,,End Of Day (from Real-Time),72.79,73.61,72.54,73.22,360511
PNR.N,20140717,,End Of Day (from Real-Time),72.95,72.95,71.44,71.57,385827
PNR.N,20140718,,End Of Day (from Real-Time),71.71,72.47,71.55,72.38,892593
PNR.N,20140721,,End Of Day (from Real-Time),72.19,73,72.04,72.6,203367
PNR.N,20140722,,End Of Day (from Real-Time),73.02,73.17,72.33,72.42,257613
PNR.N,20140723,,End Of Day (from Real-Time),72.25,72.25,71.71,71.84,143562
PNR.N,20140724,,End Of Day (from Real-Time),71.76,72.27,71.65,71.78,215926
PNR.N,20140725,,End Of Day (from Real-Time),71.65,72.46,71.63,72.27,167806
PNR.N,20140728,,End Of Day (from Real-Time),72.18,72.18,71.24,71.8,174577
PNR.N,20140729,,End Of Day (from Real-Time),71.69,72,69.96,69.96,263725
PNR.N,20140730,,End Of Day (from Real-Time),70.17,70.2,69.13,69.59,325558
PNR.N,20140731,,End Of Day (from Real-Time),66.5,67.18,63.62,64.07,921585
PNR.N,20140801,,End Of Day (from Real-Time),63.23,64.39,62.91,63.65,752409
PNR.N,20140804,,End Of Day (from Real-Time),63.75,65.43,63.66,65.08,458232
PNR.N,20140805,,End Of Day (from Real-Time),64.77,65.67,64.43,64.71,385356
PNR.N,20140806,,End Of Day (from Real-Time),63.84,65.46,63.84,65.08,377285
PNR.N,20140807,,End Of Day (from Real-Time),65.52,66.72,65.51,66.55,449738
PNR.N,20140808,,End Of Day (from Real-Time),66.5,67.19,66.1,67.15,383117
PNR.N,20140811,,End Of Day (from Real-Time),67.85,68.74,67.77,68.36,372982
PNR.N,20140812,,End Of Day (from Real-Time),68,69.1,68,68.45,208404
PNR.N,20140813,,End Of Day (from Real-Time),68.78,69.08,68.38,68.53,262125
PNR.N,20140814,,End Of Day (from Real-Time),68.55,69.03,68.34,68.5,196587
PNR.N,20140815,,End Of Day (from Real-Time),68.78,68.79,67.28,67.94,391036
PNR.N,20140818,,End Of Day (from Real-Time),68.5,69.61,68.5,69.39,300547
PNR.N,20140819,,End Of Day (from Real-Time),69.5,70.2,69.49,69.83,352028
PNR.N,20140820,,End Of Day (from Real-Time),69.69,70.44,69.69,70.01,296334
PNR.N,20140821,,End Of Day (from Real-Time),70.19,70.31,69.72,70.02,236350
PNR.N,20140822,,End Of Day (from Real-Time),69.73,69.85,69.16,69.4,240994
PNR.N,20140825,,End Of Day (from Real-Time),69.7,70.31,69.49,69.89,223968
PNR.N,20140826,,End Of Day (from Real-Time),70.02,70.24,68.66,68.69,246801
PNR.N,20140827,,End Of Day (from Real-Time),68.84,69.11,68.44,68.64,287157
PNR.N,20140828,,End Of Day (from Real-Time),68.29,68.67,67.88,68.51,137898
PNR.N,20140829,,End Of Day (from Real-Time),68.6,68.61,67.62,68.07,264260
PNR.N,20140902,,End Of Day (from Real-Time),68.08,68.145,67.32,67.69,411514
PNR.N,20140903,,End Of Day (from Real-Time),68.15,68.24,67.17,67.55,192199
PNR.N,20140904,,End Of Day (from Real-Time),67.89,68.06,66.93,67.01,296126
PNR.N,20140905,,End Of Day (from Real-Time),67.07,67.36,66.27,67.32,256121
PNR.N,20140908,,End Of Day (from Real-Time),67.13,67.49,66.67,66.92,502212
PNR.N,20140909,,End Of Day (from Real-Time),67,67.54,66.75,67.32,398046
PNR.N,20140910,,End Of Day (from Real-Time),67.23,67.55,66.68,67.19,327451
PNR.N,20140911,,End Of Day (from Real-Time),67,67.93,66.89,67.79,242643
PNR.N,20140912,,End Of Day (from Real-Time),67.85,67.91,67.26,67.39,243576
PNR.N,20140915,,End Of Day (from Real-Time),67.21,67.77,66.96,67.33,190487
PNR.N,20140916,,End Of Day (from Real-Time),67.13,67.61,66.82,67.36,195681
PNR.N,20140917,,End Of Day (from Real-Time),67.5,68.04,67.12,67.36,208146
PNR.N,20140918,,End Of Day (from Real-Time),67.72,67.95,67.37,67.69,203292
PNR.N,20140919,,End Of Day (from Real-Time),68.28,68.29,67.39,67.9,839122
PNR.N,20140922,,End Of Day (from Real-Time),67.61,67.61,66.85,67.07,381526
PNR.N,20140923,,End Of Day (from Real-Time),66.66,67.2,66.5,66.81,402980
PNR.N,20140924,,End Of Day (from Real-Time),66.59,67.34,66.24,67.28,354429
PNR.N,20140925,,End Of Day (from Real-Time),67.23,67.23,66.79,66.79,455513
PNR.N,20140926,,End Of Day (from Real-Time),66.78,67.61,66.49,67.41,386269
PNR.N,20140929,,End Of Day (from Real-Time),66.43,66.56,65.67,66.17,329922
PNR.N,20140930,,End Of Day (from Real-Time),66.09,66.42,65.36,65.49,626356
