"","X.RIC","Date.L.","Time.L.","Type","Open","High","Low","Last","Volume"
"1","NKE.N",20110103,NA,"End Of Day (from Real-Time)",85.88,86.58,85.26,86.09,721636
"2","NKE.N",20110104,NA,"End Of Day (from Real-Time)",85.54,85.74,83.76,83.97,836589
"3","NKE.N",20110105,NA,"End Of Day (from Real-Time)",83.58,84.83,83.53,84.52,839846
"4","NKE.N",20110106,NA,"End Of Day (from Real-Time)",84.36,84.49,83.56,83.76,573110
"5","NKE.N",20110107,NA,"End Of Day (from Real-Time)",83.87,83.95,83.28,83.53,646293
"6","NKE.N",20110110,NA,"End Of Day (from Real-Time)",83.25,84.49,83.07,84.17,588489
"7","NKE.N",20110111,NA,"End Of Day (from Real-Time)",84.33,84.74,83.62,84.02,470306
"8","NKE.N",20110112,NA,"End Of Day (from Real-Time)",84.4,84.49,83.68,83.73,761784
"9","NKE.N",20110113,NA,"End Of Day (from Real-Time)",83.76,83.76,82.45,82.56,819478
"10","NKE.N",20110114,NA,"End Of Day (from Real-Time)",82.57,84.3,82.42,84.07,733637
"11","NKE.N",20110118,NA,"End Of Day (from Real-Time)",84.42,84.98,83.88,84.06,837765
"12","NKE.N",20110119,NA,"End Of Day (from Real-Time)",84.09,84.17,82.83,83.66,755953
"13","NKE.N",20110120,NA,"End Of Day (from Real-Time)",83.54,83.65,82.5,83.07,772464
"14","NKE.N",20110121,NA,"End Of Day (from Real-Time)",83.54,83.56,82.19,82.3,751063
"15","NKE.N",20110124,NA,"End Of Day (from Real-Time)",82.14,82.9,81.5,82.66,577361
"16","NKE.N",20110125,NA,"End Of Day (from Real-Time)",82.57,82.95,81.93,82.88,617085
"17","NKE.N",20110126,NA,"End Of Day (from Real-Time)",83.14,84.16,82.8,84,799513
"18","NKE.N",20110127,NA,"End Of Day (from Real-Time)",83.99,84.32,82.69,82.77,729921
"19","NKE.N",20110128,NA,"End Of Day (from Real-Time)",82.7,82.98,81.3,81.46,871104
"20","NKE.N",20110131,NA,"End Of Day (from Real-Time)",81.52,82.56,81.01,82.48,872309
"21","NKE.N",20110201,NA,"End Of Day (from Real-Time)",82.64,83.69,82.63,83.55,898187
"22","NKE.N",20110202,NA,"End Of Day (from Real-Time)",83.53,83.94,83.12,83.91,690926
"23","NKE.N",20110203,NA,"End Of Day (from Real-Time)",83.63,84.28,83.38,83.8,1500167
"24","NKE.N",20110204,NA,"End Of Day (from Real-Time)",84.07,85.88,83.87,85.74,799040
"25","NKE.N",20110207,NA,"End Of Day (from Real-Time)",85.8,86.8,85.66,86.5,585427
"26","NKE.N",20110208,NA,"End Of Day (from Real-Time)",86.73,86.78,86.18,86.71,653818
"27","NKE.N",20110209,NA,"End Of Day (from Real-Time)",86.71,87.7,86.45,87.25,544279
"28","NKE.N",20110210,NA,"End Of Day (from Real-Time)",86.92,87.42,86.26,86.79,665915
"29","NKE.N",20110211,NA,"End Of Day (from Real-Time)",86.45,86.71,85.96,86.21,691803
"30","NKE.N",20110214,NA,"End Of Day (from Real-Time)",86.18,86.53,85.45,85.77,703011
"31","NKE.N",20110215,NA,"End Of Day (from Real-Time)",85,85.59,84.63,85.55,769519
"32","NKE.N",20110216,NA,"End Of Day (from Real-Time)",85.55,85.95,85.13,85.75,604298
"33","NKE.N",20110217,NA,"End Of Day (from Real-Time)",85.21,86.08,84.72,86.04,833289
"34","NKE.N",20110218,NA,"End Of Day (from Real-Time)",86.63,88.83,86.05,88.82,1337383
"35","NKE.N",20110222,NA,"End Of Day (from Real-Time)",87.68,88.32,86.91,87.23,983255
"36","NKE.N",20110223,NA,"End Of Day (from Real-Time)",87.1,87.8,85.79,86.19,1066570
"37","NKE.N",20110224,NA,"End Of Day (from Real-Time)",85.92,86.92,85.5,86.52,814604
"38","NKE.N",20110225,NA,"End Of Day (from Real-Time)",86.67,88.3,86.54,87.98,697368
"39","NKE.N",20110228,NA,"End Of Day (from Real-Time)",88.29,89.16,87.96,89.03,1238394
"40","NKE.N",20110301,NA,"End Of Day (from Real-Time)",89.74,89.77,87.52,87.7,1152273
"41","NKE.N",20110302,NA,"End Of Day (from Real-Time)",87.66,89.21,87.43,88.33,790856
"42","NKE.N",20110303,NA,"End Of Day (from Real-Time)",88.96,89.99,88.95,89.84,875348
"43","NKE.N",20110304,NA,"End Of Day (from Real-Time)",89.62,90,89.34,89.88,910499
"44","NKE.N",20110307,NA,"End Of Day (from Real-Time)",90,91.09,88.29,88.92,1478515
"45","NKE.N",20110308,NA,"End Of Day (from Real-Time)",89.1,89.66,88.83,89.19,895370
"46","NKE.N",20110309,NA,"End Of Day (from Real-Time)",88.84,89.65,88.25,88.95,917674
"47","NKE.N",20110310,NA,"End Of Day (from Real-Time)",88.07,89.06,87.54,88.18,883404
"48","NKE.N",20110311,NA,"End Of Day (from Real-Time)",87.3,87.44,85.47,87.17,1135055
"49","NKE.N",20110314,NA,"End Of Day (from Real-Time)",86.87,86.88,85.36,86.21,896992
"50","NKE.N",20110315,NA,"End Of Day (from Real-Time)",84.54,85.82,84,85.33,780734
"51","NKE.N",20110316,NA,"End Of Day (from Real-Time)",85,85.86,84.06,84.82,918531
"52","NKE.N",20110317,NA,"End Of Day (from Real-Time)",85.5,85.7,84.49,85.41,894191
"53","NKE.N",20110318,NA,"End Of Day (from Real-Time)",78,78.23,76.83,77.59,4489687
"54","NKE.N",20110321,NA,"End Of Day (from Real-Time)",77.59,77.95,76.62,76.84,1540189
"55","NKE.N",20110322,NA,"End Of Day (from Real-Time)",76.68,77,75.25,75.45,2065903
"56","NKE.N",20110323,NA,"End Of Day (from Real-Time)",75.16,77.7,75.05,77.22,1915591
"57","NKE.N",20110324,NA,"End Of Day (from Real-Time)",77.48,77.81,76.4,76.73,1241824
"58","NKE.N",20110325,NA,"End Of Day (from Real-Time)",76.77,77.6,76.62,76.66,1153179
"59","NKE.N",20110328,NA,"End Of Day (from Real-Time)",76.68,76.99,75.8,75.89,1259486
"60","NKE.N",20110329,NA,"End Of Day (from Real-Time)",76,76.65,75.62,76.36,1092607
"61","NKE.N",20110330,NA,"End Of Day (from Real-Time)",76.52,77,76.24,76.75,859929
"62","NKE.N",20110331,NA,"End Of Day (from Real-Time)",76.56,76.61,75.62,75.7,1257258
"63","NKE.N",20110401,NA,"End Of Day (from Real-Time)",75.93,76.9,75.83,76.53,1085021
"64","NKE.N",20110404,NA,"End Of Day (from Real-Time)",76.52,77.56,76.35,77.41,867893
"65","NKE.N",20110405,NA,"End Of Day (from Real-Time)",77.18,78,76.87,77.93,945496
"66","NKE.N",20110406,NA,"End Of Day (from Real-Time)",78.51,79,78.24,78.67,1296942
"67","NKE.N",20110407,NA,"End Of Day (from Real-Time)",78.6,78.62,77.02,78.09,1102870
"68","NKE.N",20110408,NA,"End Of Day (from Real-Time)",78.71,78.89,77.06,77.39,849379
"69","NKE.N",20110411,NA,"End Of Day (from Real-Time)",77.25,78.14,77.25,78.13,751312
"70","NKE.N",20110412,NA,"End Of Day (from Real-Time)",77.59,78.37,77.35,78.2,748364
"71","NKE.N",20110413,NA,"End Of Day (from Real-Time)",78.23,79.53,78.15,79.41,1013465
"72","NKE.N",20110414,NA,"End Of Day (from Real-Time)",78.88,80.26,78.67,80.08,1238132
"73","NKE.N",20110415,NA,"End Of Day (from Real-Time)",80.37,80.37,78.67,78.73,1412451
"74","NKE.N",20110418,NA,"End Of Day (from Real-Time)",77.81,78.65,77.23,78.58,1015371
"75","NKE.N",20110419,NA,"End Of Day (from Real-Time)",78.66,79.53,78.5,78.73,711990
"76","NKE.N",20110420,NA,"End Of Day (from Real-Time)",79.32,80.25,79.26,80.07,987139
"77","NKE.N",20110421,NA,"End Of Day (from Real-Time)",80.5,80.59,79.88,80.19,679568
"78","NKE.N",20110425,NA,"End Of Day (from Real-Time)",80.32,80.9,79.88,80.11,547485
"79","NKE.N",20110426,NA,"End Of Day (from Real-Time)",80.09,80.54,79.4,79.96,666669
"80","NKE.N",20110427,NA,"End Of Day (from Real-Time)",80.06,81.23,79.92,81.12,667881
"81","NKE.N",20110428,NA,"End Of Day (from Real-Time)",81.19,82.72,81.17,82.57,836376
"82","NKE.N",20110429,NA,"End Of Day (from Real-Time)",82.21,82.53,81.79,82.32,715541
"83","NKE.N",20110502,NA,"End Of Day (from Real-Time)",82.96,83.48,82.01,82.24,795358
"84","NKE.N",20110503,NA,"End Of Day (from Real-Time)",82.39,82.6,81.54,81.66,710595
"85","NKE.N",20110504,NA,"End Of Day (from Real-Time)",82.48,83,81.42,82.79,984735
"86","NKE.N",20110505,NA,"End Of Day (from Real-Time)",82.7,83.34,82.09,82.61,787791
"87","NKE.N",20110506,NA,"End Of Day (from Real-Time)",83.24,83.41,81.76,82.02,771089
"88","NKE.N",20110509,NA,"End Of Day (from Real-Time)",81.8,82.97,81.74,82.91,599348
"89","NKE.N",20110510,NA,"End Of Day (from Real-Time)",83.25,83.7,82.74,83.5,690355
"90","NKE.N",20110511,NA,"End Of Day (from Real-Time)",83.17,83.66,82.2,82.66,663961
"91","NKE.N",20110512,NA,"End Of Day (from Real-Time)",82.64,84.7,82.44,84.58,687501
"92","NKE.N",20110513,NA,"End Of Day (from Real-Time)",85,86.52,84.7,86.26,982070
"93","NKE.N",20110516,NA,"End Of Day (from Real-Time)",85.8,86.26,85.03,85.27,754337
"94","NKE.N",20110517,NA,"End Of Day (from Real-Time)",84.86,85.02,83.99,84.89,629959
"95","NKE.N",20110518,NA,"End Of Day (from Real-Time)",84.89,85.6,84.53,84.83,760258
"96","NKE.N",20110519,NA,"End Of Day (from Real-Time)",85.2,86.16,85.04,86.11,525386
"97","NKE.N",20110520,NA,"End Of Day (from Real-Time)",86.22,86.45,84.39,85.05,941441
"98","NKE.N",20110523,NA,"End Of Day (from Real-Time)",84.1,84.73,83.46,83.62,660674
"99","NKE.N",20110524,NA,"End Of Day (from Real-Time)",83.63,84.73,83.63,84.33,528227
"100","NKE.N",20110525,NA,"End Of Day (from Real-Time)",83.78,83.78,83.11,83.19,725136
"101","NKE.N",20110526,NA,"End Of Day (from Real-Time)",83.08,84.24,83.02,84.07,573836
"102","NKE.N",20110527,NA,"End Of Day (from Real-Time)",84.24,84.8,84.19,84.62,547399
"103","NKE.N",20110531,NA,"End Of Day (from Real-Time)",84.74,84.95,83.83,84.45,734187
"104","NKE.N",20110601,NA,"End Of Day (from Real-Time)",84.34,84.72,82.08,82.15,861467
"105","NKE.N",20110602,NA,"End Of Day (from Real-Time)",81.79,82.59,81.06,81.15,912088
"106","NKE.N",20110603,NA,"End Of Day (from Real-Time)",80.3,81.35,80.22,80.36,967613
"107","NKE.N",20110606,NA,"End Of Day (from Real-Time)",80.37,80.95,79.74,79.77,852688
"108","NKE.N",20110607,NA,"End Of Day (from Real-Time)",80.22,82.32,80.22,81.9,1181998
"109","NKE.N",20110608,NA,"End Of Day (from Real-Time)",81.46,81.53,79.87,80.1,986319
"110","NKE.N",20110609,NA,"End Of Day (from Real-Time)",80.29,81.33,80.25,80.67,788660
"111","NKE.N",20110610,NA,"End Of Day (from Real-Time)",80.66,81.55,79.56,79.66,831395
"112","NKE.N",20110613,NA,"End Of Day (from Real-Time)",79.68,81.88,79.68,80.51,955233
"113","NKE.N",20110614,NA,"End Of Day (from Real-Time)",81.19,82.43,81.12,82.24,945669
"114","NKE.N",20110615,NA,"End Of Day (from Real-Time)",81.5,81.91,79.93,80.39,893147
"115","NKE.N",20110616,NA,"End Of Day (from Real-Time)",80.35,80.75,79.44,80.29,849004
"116","NKE.N",20110617,NA,"End Of Day (from Real-Time)",80.82,81.57,80.8,81.11,1262302
"117","NKE.N",20110620,NA,"End Of Day (from Real-Time)",80.86,83.39,80.86,83.23,762454
"118","NKE.N",20110621,NA,"End Of Day (from Real-Time)",83.23,84.83,83.05,84.51,736408
"119","NKE.N",20110622,NA,"End Of Day (from Real-Time)",83.83,84.4,81.85,81.95,1145414
"120","NKE.N",20110623,NA,"End Of Day (from Real-Time)",81.17,82.35,80.63,82.19,1824539
"121","NKE.N",20110624,NA,"End Of Day (from Real-Time)",82.11,82.49,80.73,81.18,1670342
"122","NKE.N",20110627,NA,"End Of Day (from Real-Time)",81.1,82.77,81.01,81.62,1725053
"123","NKE.N",20110628,NA,"End Of Day (from Real-Time)",85.16,90.58,85.16,89.9,3501989
"124","NKE.N",20110629,NA,"End Of Day (from Real-Time)",89.8,90.34,88.22,89.78,1939198
"125","NKE.N",20110630,NA,"End Of Day (from Real-Time)",89.26,90.43,89.23,89.98,1859128
"126","NKE.N",20110701,NA,"End Of Day (from Real-Time)",89.65,91.99,89.43,91.82,1533239
"127","NKE.N",20110705,NA,"End Of Day (from Real-Time)",91.17,92.1,90.93,91.74,1342657
"128","NKE.N",20110706,NA,"End Of Day (from Real-Time)",91.39,92.49,91.37,92.35,1673987
"129","NKE.N",20110707,NA,"End Of Day (from Real-Time)",92.94,94.2,92.94,93.66,1494695
"130","NKE.N",20110708,NA,"End Of Day (from Real-Time)",92.49,93.34,92.28,93.24,1444934
"131","NKE.N",20110711,NA,"End Of Day (from Real-Time)",91.75,93.05,91.13,91.43,950771
"132","NKE.N",20110712,NA,"End Of Day (from Real-Time)",91.43,91.98,90.67,91.23,550972
"133","NKE.N",20110713,NA,"End Of Day (from Real-Time)",91.58,92.87,91.58,92.05,836819
"134","NKE.N",20110714,NA,"End Of Day (from Real-Time)",92.27,92.92,91.27,91.96,1246560
"135","NKE.N",20110715,NA,"End Of Day (from Real-Time)",92,92.3,90.83,91.7,1416646
"136","NKE.N",20110718,NA,"End Of Day (from Real-Time)",90.93,91.58,90.48,90.64,1419914
"137","NKE.N",20110719,NA,"End Of Day (from Real-Time)",91.52,91.53,90.51,90.74,2092857
"138","NKE.N",20110720,NA,"End Of Day (from Real-Time)",90.61,90.96,90.18,90.6,1240564
"139","NKE.N",20110721,NA,"End Of Day (from Real-Time)",90.61,92.59,90.29,91.84,1340775
"140","NKE.N",20110722,NA,"End Of Day (from Real-Time)",92.05,92.28,91.43,91.71,1006301
"141","NKE.N",20110725,NA,"End Of Day (from Real-Time)",90.36,91.41,90.36,90.93,488415
"142","NKE.N",20110726,NA,"End Of Day (from Real-Time)",91.02,91.32,90.19,90.33,950669
"143","NKE.N",20110727,NA,"End Of Day (from Real-Time)",90.2,90.56,88.57,88.72,1322419
"144","NKE.N",20110728,NA,"End Of Day (from Real-Time)",88.87,91.36,88.87,90.48,1600097
"145","NKE.N",20110729,NA,"End Of Day (from Real-Time)",89.75,90.8,89.25,90.15,980118
"146","NKE.N",20110801,NA,"End Of Day (from Real-Time)",90.41,90.45,88.02,89.34,936797
"147","NKE.N",20110802,NA,"End Of Day (from Real-Time)",88.42,89.19,84.98,85.11,1548492
"148","NKE.N",20110803,NA,"End Of Day (from Real-Time)",85.3,87.12,82.92,87.08,1294198
"149","NKE.N",20110804,NA,"End Of Day (from Real-Time)",86.1,86.72,81.49,81.55,1607238
"150","NKE.N",20110805,NA,"End Of Day (from Real-Time)",82.41,84.5,80.35,83.87,1954937
"151","NKE.N",20110808,NA,"End Of Day (from Real-Time)",81.5,83.34,78.04,79.19,1867155
"152","NKE.N",20110809,NA,"End Of Day (from Real-Time)",80.37,82.57,76.98,82.5,1874275
"153","NKE.N",20110810,NA,"End Of Day (from Real-Time)",81.88,82.9,79.04,79.33,1603584
"154","NKE.N",20110811,NA,"End Of Day (from Real-Time)",79.38,84.39,79.32,83.25,1490213
"155","NKE.N",20110812,NA,"End Of Day (from Real-Time)",83.67,85,83.39,84.24,976160
"156","NKE.N",20110815,NA,"End Of Day (from Real-Time)",84.61,85.16,82.78,85.13,821085
"157","NKE.N",20110816,NA,"End Of Day (from Real-Time)",84.12,85.49,83.14,83.22,1259392
"158","NKE.N",20110817,NA,"End Of Day (from Real-Time)",83.65,84.59,81.84,82.55,1035443
"159","NKE.N",20110818,NA,"End Of Day (from Real-Time)",80.81,81.32,79,79.92,1309815
"160","NKE.N",20110819,NA,"End Of Day (from Real-Time)",78.93,81.49,78.5,78.58,1190151
"161","NKE.N",20110822,NA,"End Of Day (from Real-Time)",79.99,80.57,79.03,79.25,965781
"162","NKE.N",20110823,NA,"End Of Day (from Real-Time)",79.57,83.62,79.12,83.59,893778
"163","NKE.N",20110824,NA,"End Of Day (from Real-Time)",83.21,85.98,82.87,85.8,1032380
"164","NKE.N",20110825,NA,"End Of Day (from Real-Time)",85.73,86.49,83.49,83.76,830888
"165","NKE.N",20110826,NA,"End Of Day (from Real-Time)",83.3,86.45,82.35,86.29,1017703
"166","NKE.N",20110829,NA,"End Of Day (from Real-Time)",87.01,88.6,86.8,88.54,1037785
"167","NKE.N",20110830,NA,"End Of Day (from Real-Time)",88.46,88.47,86.36,86.37,1658982
"168","NKE.N",20110831,NA,"End Of Day (from Real-Time)",87.12,88.52,86.15,86.65,1437703
"169","NKE.N",20110901,NA,"End Of Day (from Real-Time)",86.35,88.1,86.16,86.55,1327224
"170","NKE.N",20110902,NA,"End Of Day (from Real-Time)",84.36,85.83,83.8,84.04,1010633
"171","NKE.N",20110906,NA,"End Of Day (from Real-Time)",81.09,83.91,80.2,83.76,896429
"172","NKE.N",20110907,NA,"End Of Day (from Real-Time)",84.92,86.51,84.18,86.51,1196465
"173","NKE.N",20110908,NA,"End Of Day (from Real-Time)",85.62,87.46,84.8,85.33,1074353
"174","NKE.N",20110909,NA,"End Of Day (from Real-Time)",84.43,85.37,82.48,82.5,1324527
"175","NKE.N",20110912,NA,"End Of Day (from Real-Time)",81.7,84.39,81.45,84.36,902727
"176","NKE.N",20110913,NA,"End Of Day (from Real-Time)",84.41,86.38,84.06,85.82,1164671
"177","NKE.N",20110914,NA,"End Of Day (from Real-Time)",86.33,88.79,85.43,87.49,1236850
"178","NKE.N",20110915,NA,"End Of Day (from Real-Time)",88.23,88.4,86.76,88.04,874470
"179","NKE.N",20110916,NA,"End Of Day (from Real-Time)",88.91,89.98,88.33,89.77,2035392
"180","NKE.N",20110919,NA,"End Of Day (from Real-Time)",88.23,90.5,88.04,90.2,1489412
"181","NKE.N",20110920,NA,"End Of Day (from Real-Time)",90.8,91,89.24,89.46,1625121
"182","NKE.N",20110921,NA,"End Of Day (from Real-Time)",89.24,89.62,85.56,85.74,1736044
"183","NKE.N",20110922,NA,"End Of Day (from Real-Time)",83.17,84.71,82.23,84.18,1828055
"184","NKE.N",20110923,NA,"End Of Day (from Real-Time)",86.9,89.99,86.69,88.64,2203645
"185","NKE.N",20110926,NA,"End Of Day (from Real-Time)",89.49,89.98,87.23,89.31,1272665
"186","NKE.N",20110927,NA,"End Of Day (from Real-Time)",90.53,92.56,89.98,90.58,1286966
"187","NKE.N",20110928,NA,"End Of Day (from Real-Time)",90.67,91.95,88.26,88.47,1033571
"188","NKE.N",20110929,NA,"End Of Day (from Real-Time)",89.57,89.97,85.45,87.99,1016607
"189","NKE.N",20110930,NA,"End Of Day (from Real-Time)",86.93,88.22,85.49,85.51,1145302
"190","NKE.N",20111003,NA,"End Of Day (from Real-Time)",84.87,86.19,83.01,83.05,1288268
"191","NKE.N",20111004,NA,"End Of Day (from Real-Time)",81.53,85.9,81.01,85.73,1116139
"192","NKE.N",20111005,NA,"End Of Day (from Real-Time)",85.8,88.24,85.33,87.8,1109119
"193","NKE.N",20111006,NA,"End Of Day (from Real-Time)",87.52,89.79,87.27,89.28,880760
"194","NKE.N",20111007,NA,"End Of Day (from Real-Time)",89.28,89.86,87.62,88.15,789751
"195","NKE.N",20111010,NA,"End Of Day (from Real-Time)",89.65,90.85,89.34,90.72,672969
"196","NKE.N",20111011,NA,"End Of Day (from Real-Time)",89.96,90.7,89.43,89.85,547553
"197","NKE.N",20111012,NA,"End Of Day (from Real-Time)",90.04,92.5,89.96,91.79,1046427
"198","NKE.N",20111013,NA,"End Of Day (from Real-Time)",90.98,92.5,90.95,92.21,605914
"199","NKE.N",20111014,NA,"End Of Day (from Real-Time)",92.5,93.18,91.91,92.97,655168
"200","NKE.N",20111017,NA,"End Of Day (from Real-Time)",92.2,92.85,90.71,91.02,591881
"201","NKE.N",20111018,NA,"End Of Day (from Real-Time)",90.75,92.32,87.99,91.48,829539
"202","NKE.N",20111019,NA,"End Of Day (from Real-Time)",91.62,92.49,91.08,91.29,679064
"203","NKE.N",20111020,NA,"End Of Day (from Real-Time)",91.67,92.46,90.71,91.89,704800
"204","NKE.N",20111021,NA,"End Of Day (from Real-Time)",92.59,94.35,92.57,94.35,1212334
"205","NKE.N",20111024,NA,"End Of Day (from Real-Time)",94.25,95.93,94.16,95.07,866707
"206","NKE.N",20111025,NA,"End Of Day (from Real-Time)",94.22,95.34,93.51,93.75,814592
"207","NKE.N",20111026,NA,"End Of Day (from Real-Time)",94.62,94.93,92.73,94.21,707526
"208","NKE.N",20111027,NA,"End Of Day (from Real-Time)",96,96.49,95.49,95.83,1362856
"209","NKE.N",20111028,NA,"End Of Day (from Real-Time)",95.68,96.92,95,96.75,975316
"210","NKE.N",20111031,NA,"End Of Day (from Real-Time)",95.95,97.68,95.63,96.35,1070024
"211","NKE.N",20111101,NA,"End Of Day (from Real-Time)",93.72,95.42,93.5,93.88,868044
"212","NKE.N",20111102,NA,"End Of Day (from Real-Time)",95.64,95.8,94.1,94.94,1156772
"213","NKE.N",20111103,NA,"End Of Day (from Real-Time)",95.65,96.23,93.57,95.68,1039113
"214","NKE.N",20111104,NA,"End Of Day (from Real-Time)",95.2,95.96,93.61,94.38,593254
"215","NKE.N",20111107,NA,"End Of Day (from Real-Time)",94.63,95.28,93.44,93.8,725546
"216","NKE.N",20111108,NA,"End Of Day (from Real-Time)",94.43,95.64,93.71,95.42,891054
"217","NKE.N",20111109,NA,"End Of Day (from Real-Time)",93.4,94.05,91.61,92.36,861297
"218","NKE.N",20111110,NA,"End Of Day (from Real-Time)",93.39,94.52,92.57,93.92,705595
"219","NKE.N",20111111,NA,"End Of Day (from Real-Time)",94.46,96.4,94.46,96.15,713298
"220","NKE.N",20111114,NA,"End Of Day (from Real-Time)",95.84,96.86,95.32,95.75,589636
"221","NKE.N",20111115,NA,"End Of Day (from Real-Time)",95.26,96.59,94.68,95.95,542370
"222","NKE.N",20111116,NA,"End Of Day (from Real-Time)",95.05,95.5,93.54,93.7,644943
"223","NKE.N",20111117,NA,"End Of Day (from Real-Time)",93.13,93.65,90.93,91.89,645429
"224","NKE.N",20111118,NA,"End Of Day (from Real-Time)",92.52,93.47,91.47,92.75,904808
"225","NKE.N",20111121,NA,"End Of Day (from Real-Time)",91.57,92.06,89.8,91.06,603465
"226","NKE.N",20111122,NA,"End Of Day (from Real-Time)",91.19,92.62,91.02,91.63,531465
"227","NKE.N",20111123,NA,"End Of Day (from Real-Time)",90.78,91.96,90.51,90.93,612850
"228","NKE.N",20111125,NA,"End Of Day (from Real-Time)",90.56,91.85,90.28,90.28,301708
"229","NKE.N",20111128,NA,"End Of Day (from Real-Time)",92.24,95.82,92.24,94.91,1145602
"230","NKE.N",20111129,NA,"End Of Day (from Real-Time)",95.26,95.42,94.32,94.87,778576
"231","NKE.N",20111130,NA,"End Of Day (from Real-Time)",97.19,97.47,94.94,96.18,1340100
"232","NKE.N",20111201,NA,"End Of Day (from Real-Time)",95.35,96.34,94.52,95.25,685424
"233","NKE.N",20111202,NA,"End Of Day (from Real-Time)",95.69,96.71,95.53,96.25,792747
"234","NKE.N",20111205,NA,"End Of Day (from Real-Time)",96.6,97.47,95.95,96.6,643554
"235","NKE.N",20111206,NA,"End Of Day (from Real-Time)",97.2,97.2,95.97,96.25,520491
"236","NKE.N",20111207,NA,"End Of Day (from Real-Time)",96.8,96.96,95.26,95.89,923329
"237","NKE.N",20111208,NA,"End Of Day (from Real-Time)",95.74,96.47,95,95.18,711597
"238","NKE.N",20111209,NA,"End Of Day (from Real-Time)",95.48,98.22,95.43,97.68,861257
"239","NKE.N",20111212,NA,"End Of Day (from Real-Time)",97.48,97.72,95.79,96.95,1220707
"240","NKE.N",20111213,NA,"End Of Day (from Real-Time)",97.13,97.77,94.42,95.05,805177
"241","NKE.N",20111214,NA,"End Of Day (from Real-Time)",94.93,95.7,93.78,94.39,879778
"242","NKE.N",20111215,NA,"End Of Day (from Real-Time)",95.66,95.66,93.42,94.08,889644
"243","NKE.N",20111216,NA,"End Of Day (from Real-Time)",94.87,95.08,93.56,93.67,1536734
"244","NKE.N",20111219,NA,"End Of Day (from Real-Time)",93.92,94.14,93.08,93.38,784934
"245","NKE.N",20111220,NA,"End Of Day (from Real-Time)",94.48,95.89,92.92,93.63,1035028
"246","NKE.N",20111221,NA,"End Of Day (from Real-Time)",96.39,97.26,94.29,96.35,1311544
"247","NKE.N",20111222,NA,"End Of Day (from Real-Time)",96.57,96.59,94.25,94.82,757522
"248","NKE.N",20111223,NA,"End Of Day (from Real-Time)",95.19,96.93,94.77,96.9,526018
"249","NKE.N",20111227,NA,"End Of Day (from Real-Time)",96.98,97.99,96.51,97.77,529670
"250","NKE.N",20111228,NA,"End Of Day (from Real-Time)",97.91,98,96.28,96.43,452902
"251","NKE.N",20111229,NA,"End Of Day (from Real-Time)",96.55,97.92,96.49,97.46,564824
"252","NKE.N",20111230,NA,"End Of Day (from Real-Time)",97.35,97.54,96.37,96.37,470407
"253","NKE.N",20120103,NA,"End Of Day (from Real-Time)",97.2,97.98,96.7,96.81,742454
"254","NKE.N",20120104,NA,"End Of Day (from Real-Time)",96.71,98.75,96.68,98.22,668095
"255","NKE.N",20120105,NA,"End Of Day (from Real-Time)",97.6,98.58,97.01,98.16,580313
"256","NKE.N",20120106,NA,"End Of Day (from Real-Time)",98.01,98.47,97.56,97.99,581435
"257","NKE.N",20120109,NA,"End Of Day (from Real-Time)",97.92,98.92,97.7,98.35,632716
"258","NKE.N",20120110,NA,"End Of Day (from Real-Time)",98.73,98.93,97.7,98.47,642458
"259","NKE.N",20120111,NA,"End Of Day (from Real-Time)",98.5,98.6,97.8,98.14,473731
"260","NKE.N",20120112,NA,"End Of Day (from Real-Time)",98.5,99.14,97.74,99.1,848313
"261","NKE.N",20120113,NA,"End Of Day (from Real-Time)",98.33,98.92,98.06,98.3,467215
"262","NKE.N",20120117,NA,"End Of Day (from Real-Time)",98.6,99.44,98.07,99.24,574138
"263","NKE.N",20120118,NA,"End Of Day (from Real-Time)",98.76,101.11,98.76,100.86,767806
"264","NKE.N",20120119,NA,"End Of Day (from Real-Time)",100.71,101.97,100.54,101.58,558448
"265","NKE.N",20120120,NA,"End Of Day (from Real-Time)",101.69,102,101.02,101.76,1024320
"266","NKE.N",20120123,NA,"End Of Day (from Real-Time)",101.92,102.97,101.21,101.56,607150
"267","NKE.N",20120124,NA,"End Of Day (from Real-Time)",101.26,102.38,101.02,102.21,547267
"268","NKE.N",20120125,NA,"End Of Day (from Real-Time)",101.92,103.28,101.92,103.21,682954
"269","NKE.N",20120126,NA,"End Of Day (from Real-Time)",103.2,103.2,101.79,102.3,560040
"270","NKE.N",20120127,NA,"End Of Day (from Real-Time)",102.15,102.63,101.51,102.11,559213
"271","NKE.N",20120130,NA,"End Of Day (from Real-Time)",101.43,104.15,100.95,103.39,809436
"272","NKE.N",20120131,NA,"End Of Day (from Real-Time)",104.51,104.91,103.47,103.99,3496061
"273","NKE.N",20120201,NA,"End Of Day (from Real-Time)",104.55,104.83,103.74,103.75,659765
"274","NKE.N",20120202,NA,"End Of Day (from Real-Time)",104,104.12,102.58,102.82,763011
"275","NKE.N",20120203,NA,"End Of Day (from Real-Time)",103.48,103.99,103.11,103.5,763546
"276","NKE.N",20120206,NA,"End Of Day (from Real-Time)",103.16,103.84,102.75,103.46,480728
"277","NKE.N",20120207,NA,"End Of Day (from Real-Time)",103.16,104.68,102.97,104.23,334286
"278","NKE.N",20120208,NA,"End Of Day (from Real-Time)",104.91,106.66,104.83,105.93,735439
"279","NKE.N",20120209,NA,"End Of Day (from Real-Time)",105.93,106.18,105.23,105.76,442965
"280","NKE.N",20120210,NA,"End Of Day (from Real-Time)",105.01,105.58,104.76,105.41,435180
"281","NKE.N",20120213,NA,"End Of Day (from Real-Time)",105.8,105.8,104.62,105.22,336268
"282","NKE.N",20120214,NA,"End Of Day (from Real-Time)",104.69,106.64,104.31,106.63,549789
"283","NKE.N",20120215,NA,"End Of Day (from Real-Time)",106.95,107.63,106.31,106.6,593870
"284","NKE.N",20120216,NA,"End Of Day (from Real-Time)",106.23,107.39,105.56,106.16,541827
"285","NKE.N",20120217,NA,"End Of Day (from Real-Time)",106.78,107.48,106.28,106.68,684391
"286","NKE.N",20120221,NA,"End Of Day (from Real-Time)",106.59,107.18,104.72,104.95,534949
"287","NKE.N",20120222,NA,"End Of Day (from Real-Time)",105.06,106.22,105,105.73,425336
"288","NKE.N",20120223,NA,"End Of Day (from Real-Time)",105.92,106.68,105.54,106.14,441067
"289","NKE.N",20120224,NA,"End Of Day (from Real-Time)",106.11,106.59,105.65,106.29,351330
"290","NKE.N",20120227,NA,"End Of Day (from Real-Time)",106,107.69,105.6,107.17,491172
"291","NKE.N",20120228,NA,"End Of Day (from Real-Time)",107.41,107.61,106.52,107.43,391981
"292","NKE.N",20120229,NA,"End Of Day (from Real-Time)",107.41,108.27,106.94,107.92,608976
"293","NKE.N",20120301,NA,"End Of Day (from Real-Time)",108.33,108.98,108.03,108.54,738238
"294","NKE.N",20120302,NA,"End Of Day (from Real-Time)",108.67,109.05,107.96,108.74,600908
"295","NKE.N",20120305,NA,"End Of Day (from Real-Time)",108.7,109.66,108.31,109.24,679337
"296","NKE.N",20120306,NA,"End Of Day (from Real-Time)",108.69,109.17,106.98,107.34,674454
"297","NKE.N",20120307,NA,"End Of Day (from Real-Time)",107.46,108.14,107.34,107.58,432128
"298","NKE.N",20120308,NA,"End Of Day (from Real-Time)",108.13,108.5,107.67,107.9,394708
"299","NKE.N",20120309,NA,"End Of Day (from Real-Time)",108.4,110.15,108.23,109.98,691064
"300","NKE.N",20120312,NA,"End Of Day (from Real-Time)",109.4,109.91,108.61,109.45,626334
"301","NKE.N",20120313,NA,"End Of Day (from Real-Time)",110,110.84,109.54,110.76,710515
"302","NKE.N",20120314,NA,"End Of Day (from Real-Time)",110.9,111.22,110.17,110.3,565800
"303","NKE.N",20120315,NA,"End Of Day (from Real-Time)",110.71,111.04,110.31,110.73,572299
"304","NKE.N",20120316,NA,"End Of Day (from Real-Time)",110.63,111.78,110.6,111.22,1514105
"305","NKE.N",20120319,NA,"End Of Day (from Real-Time)",111.9,112.52,110.97,112.13,749339
"306","NKE.N",20120320,NA,"End Of Day (from Real-Time)",112.09,112.96,111.74,111.74,701175
"307","NKE.N",20120321,NA,"End Of Day (from Real-Time)",112.21,112.7,110.38,110.44,1088703
"308","NKE.N",20120322,NA,"End Of Day (from Real-Time)",110,111.63,109.25,110.99,1368963
"309","NKE.N",20120323,NA,"End Of Day (from Real-Time)",111.3,111.5,106.1,107.42,1502681
"310","NKE.N",20120326,NA,"End Of Day (from Real-Time)",108,108.76,107.75,108.55,742207
"311","NKE.N",20120327,NA,"End Of Day (from Real-Time)",108.71,109.15,107.72,107.88,578535
"312","NKE.N",20120328,NA,"End Of Day (from Real-Time)",107.61,107.93,106.28,107.23,749311
"313","NKE.N",20120329,NA,"End Of Day (from Real-Time)",106.3,107.98,106.3,107.85,677204
"314","NKE.N",20120330,NA,"End Of Day (from Real-Time)",108.7,109.18,107.85,108.44,794903
"315","NKE.N",20120402,NA,"End Of Day (from Real-Time)",108.42,109.82,107.99,109.02,702431
"316","NKE.N",20120403,NA,"End Of Day (from Real-Time)",109.02,109.89,108.3,109.87,646399
"317","NKE.N",20120404,NA,"End Of Day (from Real-Time)",109.23,109.88,108.68,109.49,692411
"318","NKE.N",20120405,NA,"End Of Day (from Real-Time)",109.03,110.53,109.01,110.39,649105
"319","NKE.N",20120409,NA,"End Of Day (from Real-Time)",108.75,110.99,108.71,110.69,871410
"320","NKE.N",20120410,NA,"End Of Day (from Real-Time)",110.48,110.5,105.93,106.46,1284896
"321","NKE.N",20120411,NA,"End Of Day (from Real-Time)",107.71,108.76,107.47,108.25,772012
"322","NKE.N",20120412,NA,"End Of Day (from Real-Time)",108,108.7,107.18,108.65,1291575
"323","NKE.N",20120413,NA,"End Of Day (from Real-Time)",109,109.62,108.28,108.8,582993
"324","NKE.N",20120416,NA,"End Of Day (from Real-Time)",109.09,109.88,108.7,109.4,529085
"325","NKE.N",20120417,NA,"End Of Day (from Real-Time)",109.86,110,109.23,109.83,476214
"326","NKE.N",20120418,NA,"End Of Day (from Real-Time)",109.39,110.95,109.07,110.56,631747
"327","NKE.N",20120419,NA,"End Of Day (from Real-Time)",110.49,110.95,109.05,109.61,584998
"328","NKE.N",20120420,NA,"End Of Day (from Real-Time)",109.96,111.44,109.83,110.77,940054
"329","NKE.N",20120423,NA,"End Of Day (from Real-Time)",109.55,109.96,108.67,109.75,499503
"330","NKE.N",20120424,NA,"End Of Day (from Real-Time)",109.76,109.76,106.35,106.75,872747
"331","NKE.N",20120425,NA,"End Of Day (from Real-Time)",107.2,109.06,107,109.03,669620
"332","NKE.N",20120426,NA,"End Of Day (from Real-Time)",109.03,110.74,108.73,110.35,471671
"333","NKE.N",20120427,NA,"End Of Day (from Real-Time)",110.33,111.52,109.81,110.64,646366
"334","NKE.N",20120430,NA,"End Of Day (from Real-Time)",111.19,112,111.02,111.87,661550
"335","NKE.N",20120501,NA,"End Of Day (from Real-Time)",112,112,110.51,111.3,663738
"336","NKE.N",20120502,NA,"End Of Day (from Real-Time)",111.11,114.55,111.11,114.28,767306
"337","NKE.N",20120503,NA,"End Of Day (from Real-Time)",114.28,114.76,113.53,114.4,821249
"338","NKE.N",20120504,NA,"End Of Day (from Real-Time)",113.88,114,111.55,111.81,517258
"339","NKE.N",20120507,NA,"End Of Day (from Real-Time)",111.38,112.29,111.21,111.42,453994
"340","NKE.N",20120508,NA,"End Of Day (from Real-Time)",109.82,109.91,106.57,108.73,1022566
"341","NKE.N",20120509,NA,"End Of Day (from Real-Time)",107.43,108.87,107.09,108.15,583480
"342","NKE.N",20120510,NA,"End Of Day (from Real-Time)",108.95,109.51,107.26,107.56,573263
"343","NKE.N",20120511,NA,"End Of Day (from Real-Time)",107.09,109.3,106.66,108.26,470098
"344","NKE.N",20120514,NA,"End Of Day (from Real-Time)",107.59,108.45,106.94,107.47,455184
"345","NKE.N",20120515,NA,"End Of Day (from Real-Time)",107.31,109.01,107.01,107.22,704769
"346","NKE.N",20120516,NA,"End Of Day (from Real-Time)",107.74,108.92,106.22,107,709635
"347","NKE.N",20120517,NA,"End Of Day (from Real-Time)",106.88,106.95,104.27,104.34,664677
"348","NKE.N",20120518,NA,"End Of Day (from Real-Time)",105.37,107.78,105.09,105.44,1544704
"349","NKE.N",20120521,NA,"End Of Day (from Real-Time)",105.31,107.35,105.31,107.23,705261
"350","NKE.N",20120522,NA,"End Of Day (from Real-Time)",107.27,109.15,107.23,108.45,761313
"351","NKE.N",20120523,NA,"End Of Day (from Real-Time)",107.77,109,106.18,107.52,563334
"352","NKE.N",20120524,NA,"End Of Day (from Real-Time)",107.67,108.64,106.79,107.48,705005
"353","NKE.N",20120525,NA,"End Of Day (from Real-Time)",107.83,109.14,107.64,108.79,510588
"354","NKE.N",20120529,NA,"End Of Day (from Real-Time)",109.39,110.92,109.16,110.92,496301
"355","NKE.N",20120530,NA,"End Of Day (from Real-Time)",108.89,110.03,108.23,108.61,631641
"356","NKE.N",20120531,NA,"End Of Day (from Real-Time)",108.5,108.84,106.67,108.18,1076495
"357","NKE.N",20120601,NA,"End Of Day (from Real-Time)",106.23,106.51,104.2,104.6,834798
"358","NKE.N",20120604,NA,"End Of Day (from Real-Time)",104.42,105.09,103.17,104.7,804499
"359","NKE.N",20120605,NA,"End Of Day (from Real-Time)",104.2,105.75,104.01,105.51,669267
"360","NKE.N",20120606,NA,"End Of Day (from Real-Time)",106.29,107.1,105.76,107.07,493721
"361","NKE.N",20120607,NA,"End Of Day (from Real-Time)",108.21,108.38,106.25,107.36,390835
"362","NKE.N",20120608,NA,"End Of Day (from Real-Time)",106.89,108.77,106.34,108.64,486551
"363","NKE.N",20120611,NA,"End Of Day (from Real-Time)",109.64,109.87,107.4,107.46,448332
"364","NKE.N",20120612,NA,"End Of Day (from Real-Time)",107.94,108.65,106.76,107.6,494098
"365","NKE.N",20120613,NA,"End Of Day (from Real-Time)",107.21,107.42,101.29,102.22,1281781
"366","NKE.N",20120614,NA,"End Of Day (from Real-Time)",103,103.19,99.37,100.02,1424195
"367","NKE.N",20120615,NA,"End Of Day (from Real-Time)",99.99,102,99.56,101.75,1527511
"368","NKE.N",20120618,NA,"End Of Day (from Real-Time)",101.1,101.72,100.13,101.4,1054351
"369","NKE.N",20120619,NA,"End Of Day (from Real-Time)",101.44,102.65,101.34,101.54,622596
"370","NKE.N",20120620,NA,"End Of Day (from Real-Time)",102.61,102.65,100.67,101.2,839030
"371","NKE.N",20120621,NA,"End Of Day (from Real-Time)",101.26,102.44,98.53,98.66,1075829
"372","NKE.N",20120622,NA,"End Of Day (from Real-Time)",99,99.52,98.29,99.4,1131308
"373","NKE.N",20120625,NA,"End Of Day (from Real-Time)",98.01,98.72,96.7,97.46,803153
"374","NKE.N",20120626,NA,"End Of Day (from Real-Time)",97.76,98.86,97.32,98.45,628927
"375","NKE.N",20120627,NA,"End Of Day (from Real-Time)",98.68,99.61,97.51,98.11,698066
"376","NKE.N",20120628,NA,"End Of Day (from Real-Time)",97.55,98.47,95.85,96.89,1054687
"377","NKE.N",20120629,NA,"End Of Day (from Real-Time)",88.35,90.5,85.1,87.78,3658070
"378","NKE.N",20120702,NA,"End Of Day (from Real-Time)",88.31,89.48,88.04,88.85,1216363
"379","NKE.N",20120703,NA,"End Of Day (from Real-Time)",89.33,90.6,88.25,90.48,949911
"380","NKE.N",20120705,NA,"End Of Day (from Real-Time)",90.9,92.7,90.55,92.2,1471885
"381","NKE.N",20120706,NA,"End Of Day (from Real-Time)",91.62,92.23,90.77,91.38,1117743
"382","NKE.N",20120709,NA,"End Of Day (from Real-Time)",91.21,91.7,90,90.28,1127580
"383","NKE.N",20120710,NA,"End Of Day (from Real-Time)",90.86,92,90.86,91.29,1056571
"384","NKE.N",20120711,NA,"End Of Day (from Real-Time)",91.57,92.4,90.53,92.26,1311468
"385","NKE.N",20120712,NA,"End Of Day (from Real-Time)",91.92,92.23,90.21,91.82,1187382
"386","NKE.N",20120713,NA,"End Of Day (from Real-Time)",92.23,94.28,92.04,93.97,934526
"387","NKE.N",20120716,NA,"End Of Day (from Real-Time)",93.69,93.89,92.9,93.02,942993
"388","NKE.N",20120717,NA,"End Of Day (from Real-Time)",92.88,93.4,91.92,92.76,828333
"389","NKE.N",20120718,NA,"End Of Day (from Real-Time)",92.49,94.94,91.98,94.63,665133
"390","NKE.N",20120719,NA,"End Of Day (from Real-Time)",94.7,95.97,94.11,95.26,643012
"391","NKE.N",20120720,NA,"End Of Day (from Real-Time)",94.71,95,93.07,93.08,956933
"392","NKE.N",20120723,NA,"End Of Day (from Real-Time)",91.98,93.26,91.36,92.85,576622
"393","NKE.N",20120724,NA,"End Of Day (from Real-Time)",93.35,93.93,92.43,92.96,629774
"394","NKE.N",20120725,NA,"End Of Day (from Real-Time)",93.54,94.25,93.1,93.51,704175
"395","NKE.N",20120726,NA,"End Of Day (from Real-Time)",94.95,96.89,94.52,96.58,1025000
"396","NKE.N",20120727,NA,"End Of Day (from Real-Time)",96.82,97.42,95.7,97.03,782753
"397","NKE.N",20120730,NA,"End Of Day (from Real-Time)",97.07,97.7,95.49,95.85,731516
"398","NKE.N",20120731,NA,"End Of Day (from Real-Time)",95.04,95.57,93.25,93.35,928166
"399","NKE.N",20120801,NA,"End Of Day (from Real-Time)",93.51,94.33,92.76,93,678566
"400","NKE.N",20120802,NA,"End Of Day (from Real-Time)",92,92.99,91.05,92.54,778052
"401","NKE.N",20120803,NA,"End Of Day (from Real-Time)",93.98,94.64,93.38,94.57,540878
"402","NKE.N",20120806,NA,"End Of Day (from Real-Time)",94.73,95.74,94.73,95.52,451657
"403","NKE.N",20120807,NA,"End Of Day (from Real-Time)",95.82,97.19,95.82,96.17,609942
"404","NKE.N",20120808,NA,"End Of Day (from Real-Time)",95.78,96.19,95.23,95.9,555218
"405","NKE.N",20120809,NA,"End Of Day (from Real-Time)",95.63,95.97,94.93,95.06,499479
"406","NKE.N",20120810,NA,"End Of Day (from Real-Time)",94.65,94.98,94.33,94.5,662954
"407","NKE.N",20120813,NA,"End Of Day (from Real-Time)",94.31,95.91,93.89,95.85,463716
"408","NKE.N",20120814,NA,"End Of Day (from Real-Time)",96,96.13,94.71,94.91,578293
"409","NKE.N",20120815,NA,"End Of Day (from Real-Time)",94.9,95.68,94.18,94.22,638046
"410","NKE.N",20120816,NA,"End Of Day (from Real-Time)",94.12,95.38,93.43,94.78,828531
"411","NKE.N",20120817,NA,"End Of Day (from Real-Time)",95.25,96.46,94.83,96.26,827620
"412","NKE.N",20120820,NA,"End Of Day (from Real-Time)",96.22,96.77,95.59,95.77,481112
"413","NKE.N",20120821,NA,"End Of Day (from Real-Time)",95.93,96.27,95.17,95.85,850464
"414","NKE.N",20120822,NA,"End Of Day (from Real-Time)",95.83,95.98,95.19,95.77,479992
"415","NKE.N",20120823,NA,"End Of Day (from Real-Time)",95.68,95.94,94.96,95.45,538729
"416","NKE.N",20120824,NA,"End Of Day (from Real-Time)",95.62,97.12,95.62,96.86,586895
"417","NKE.N",20120827,NA,"End Of Day (from Real-Time)",96.92,97.23,96.13,96.43,459919
"418","NKE.N",20120828,NA,"End Of Day (from Real-Time)",96.15,99.28,95.86,98.87,1077972
"419","NKE.N",20120829,NA,"End Of Day (from Real-Time)",98.96,99,98.23,98.69,518033
"420","NKE.N",20120830,NA,"End Of Day (from Real-Time)",98,98.47,97.56,97.75,506438
"421","NKE.N",20120831,NA,"End Of Day (from Real-Time)",98,98.52,96.99,97.36,543338
"422","NKE.N",20120904,NA,"End Of Day (from Real-Time)",97.19,97.88,96.24,97.26,404674
"423","NKE.N",20120905,NA,"End Of Day (from Real-Time)",97.52,97.78,96.98,97.35,422762
"424","NKE.N",20120906,NA,"End Of Day (from Real-Time)",97.75,99.54,97.47,99.46,559953
"425","NKE.N",20120907,NA,"End Of Day (from Real-Time)",99.32,99.75,98.91,99.29,542201
"426","NKE.N",20120910,NA,"End Of Day (from Real-Time)",99.1,100.9,99.09,100.04,511183
"427","NKE.N",20120911,NA,"End Of Day (from Real-Time)",99.58,100.18,99.11,99.68,505351
"428","NKE.N",20120912,NA,"End Of Day (from Real-Time)",99.84,100.89,99.4,100.84,509651
"429","NKE.N",20120913,NA,"End Of Day (from Real-Time)",99.29,99.79,98.32,99.2,854675
"430","NKE.N",20120914,NA,"End Of Day (from Real-Time)",98.92,99.1,95.9,96.64,1496162
"431","NKE.N",20120917,NA,"End Of Day (from Real-Time)",96.16,98.05,96.09,97.97,578793
"432","NKE.N",20120918,NA,"End Of Day (from Real-Time)",97.7,98.23,97.07,97.72,738914
"433","NKE.N",20120919,NA,"End Of Day (from Real-Time)",100.07,100.5,97.63,97.66,1063001
"434","NKE.N",20120920,NA,"End Of Day (from Real-Time)",97.92,98.2,96.4,96.72,791448
"435","NKE.N",20120921,NA,"End Of Day (from Real-Time)",97.08,97.44,96.2,96.52,1342531
"436","NKE.N",20120924,NA,"End Of Day (from Real-Time)",95.17,96.34,94,95.32,670097
"437","NKE.N",20120925,NA,"End Of Day (from Real-Time)",95.19,96.35,95,95.08,828821
"438","NKE.N",20120926,NA,"End Of Day (from Real-Time)",95.08,96.2,94.35,95.49,606205
"439","NKE.N",20120927,NA,"End Of Day (from Real-Time)",95.73,96.64,94.66,96,856136
"440","NKE.N",20120928,NA,"End Of Day (from Real-Time)",93,96.17,93,94.91,1513899
"441","NKE.N",20121001,NA,"End Of Day (from Real-Time)",94.67,96.19,94.67,95.55,586877
"442","NKE.N",20121002,NA,"End Of Day (from Real-Time)",96.15,96.2,94.59,94.95,506608
"443","NKE.N",20121003,NA,"End Of Day (from Real-Time)",94.91,95.5,93.62,93.8,892413
"444","NKE.N",20121004,NA,"End Of Day (from Real-Time)",94.33,95.96,94,95.89,599938
"445","NKE.N",20121005,NA,"End Of Day (from Real-Time)",96.17,96.53,94.86,95.22,560109
"446","NKE.N",20121008,NA,"End Of Day (from Real-Time)",95.01,95.79,94.75,94.99,444701
"447","NKE.N",20121009,NA,"End Of Day (from Real-Time)",94.91,95.66,94.4,94.48,658251
"448","NKE.N",20121010,NA,"End Of Day (from Real-Time)",94.84,95.44,94.16,94.22,495772
"449","NKE.N",20121011,NA,"End Of Day (from Real-Time)",94.67,95.47,94.53,94.9,550322
"450","NKE.N",20121012,NA,"End Of Day (from Real-Time)",95.08,95.46,94.34,94.42,496891
"451","NKE.N",20121015,NA,"End Of Day (from Real-Time)",94.67,95.82,94.45,95.61,440965
"452","NKE.N",20121016,NA,"End Of Day (from Real-Time)",96.28,97.59,96.14,97.24,624921
"453","NKE.N",20121017,NA,"End Of Day (from Real-Time)",97.28,98,97.03,97.57,417914
"454","NKE.N",20121018,NA,"End Of Day (from Real-Time)",97.7,98.07,97.02,97.57,431807
"455","NKE.N",20121019,NA,"End Of Day (from Real-Time)",97.54,97.9,96.1,96.45,836185
"456","NKE.N",20121022,NA,"End Of Day (from Real-Time)",96.11,96.27,93.82,94.48,617106
"457","NKE.N",20121023,NA,"End Of Day (from Real-Time)",94.01,94.25,92.75,92.82,655832
"458","NKE.N",20121024,NA,"End Of Day (from Real-Time)",93.45,93.59,92.47,92.89,683035
"459","NKE.N",20121025,NA,"End Of Day (from Real-Time)",93.09,93.49,91.13,91.31,671001
"460","NKE.N",20121026,NA,"End Of Day (from Real-Time)",91.08,91.35,90.32,91.15,839888
"461","NKE.N",20121031,NA,"End Of Day (from Real-Time)",91.05,91.78,90.79,91.38,680686
"462","NKE.N",20121101,NA,"End Of Day (from Real-Time)",92.35,95.6,92,95.35,790474
"463","NKE.N",20121102,NA,"End Of Day (from Real-Time)",95.89,96.74,94.53,94.54,530312
"464","NKE.N",20121105,NA,"End Of Day (from Real-Time)",94.55,95.47,94.35,95.26,398022
"465","NKE.N",20121106,NA,"End Of Day (from Real-Time)",95.01,96.13,94.79,96.13,532071
"466","NKE.N",20121107,NA,"End Of Day (from Real-Time)",95.72,95.84,94.63,94.65,479159
"467","NKE.N",20121108,NA,"End Of Day (from Real-Time)",94.45,94.59,91.86,91.86,585626
"468","NKE.N",20121109,NA,"End Of Day (from Real-Time)",91.69,93,91.69,92.31,495186
"469","NKE.N",20121112,NA,"End Of Day (from Real-Time)",92.5,93.19,92,92.29,194697
"470","NKE.N",20121113,NA,"End Of Day (from Real-Time)",91.96,92.65,91.22,91.47,402183
"471","NKE.N",20121114,NA,"End Of Day (from Real-Time)",91.96,91.96,89.65,90.6,891746
"472","NKE.N",20121115,NA,"End Of Day (from Real-Time)",90.29,91.19,90.09,90.83,415279
"473","NKE.N",20121116,NA,"End Of Day (from Real-Time)",92,92.75,91.4,92.59,907532
"474","NKE.N",20121119,NA,"End Of Day (from Real-Time)",93.51,96.34,93.51,96.32,726135
"475","NKE.N",20121120,NA,"End Of Day (from Real-Time)",96.32,96.5,95.28,95.61,515417
"476","NKE.N",20121121,NA,"End Of Day (from Real-Time)",95.56,95.83,94.97,95.6,695804
"477","NKE.N",20121123,NA,"End Of Day (from Real-Time)",96,96.76,95.88,96.75,286355
"478","NKE.N",20121126,NA,"End Of Day (from Real-Time)",95.44,97.68,95.38,97.66,729028
"479","NKE.N",20121127,NA,"End Of Day (from Real-Time)",97.1,98,96.92,97.01,548337
"480","NKE.N",20121128,NA,"End Of Day (from Real-Time)",96.91,99.16,96.83,99.13,624107
"481","NKE.N",20121129,NA,"End Of Day (from Real-Time)",99.68,100.33,98.81,98.97,661286
"482","NKE.N",20121130,NA,"End Of Day (from Real-Time)",98.51,98.52,96.92,97.48,950820
"483","NKE.N",20121203,NA,"End Of Day (from Real-Time)",97.66,98.91,97.1,97.56,713778
"484","NKE.N",20121204,NA,"End Of Day (from Real-Time)",97.63,98.38,97.23,97.67,592670
"485","NKE.N",20121205,NA,"End Of Day (from Real-Time)",97.94,98.08,96.61,97.68,466240
"486","NKE.N",20121206,NA,"End Of Day (from Real-Time)",97.47,98.67,97.23,98.42,708447
"487","NKE.N",20121207,NA,"End Of Day (from Real-Time)",98.99,98.99,97.74,98.59,513299
"488","NKE.N",20121210,NA,"End Of Day (from Real-Time)",99,99.25,97.99,98.08,693066
"489","NKE.N",20121211,NA,"End Of Day (from Real-Time)",98,99.5,97.87,99.41,752874
"490","NKE.N",20121212,NA,"End Of Day (from Real-Time)",99.59,99.99,98.61,99.2,710431
"491","NKE.N",20121213,NA,"End Of Day (from Real-Time)",99.09,99.56,97.04,97.33,480137
"492","NKE.N",20121214,NA,"End Of Day (from Real-Time)",97.3,97.89,96.85,96.91,580693
"493","NKE.N",20121217,NA,"End Of Day (from Real-Time)",97.21,98.09,96.86,97.99,588183
"494","NKE.N",20121218,NA,"End Of Day (from Real-Time)",98.07,98.97,97.75,98.92,578198
"495","NKE.N",20121219,NA,"End Of Day (from Real-Time)",98.92,99.2,97.78,97.78,660261
"496","NKE.N",20121220,NA,"End Of Day (from Real-Time)",98.21,99.05,97.22,99,649433
"497","NKE.N",20121221,NA,"End Of Day (from Real-Time)",103,105.47,101.3,105.1,1971780
"498","NKE.N",20121224,NA,"End Of Day (from Real-Time)",104.49,106.23,104.37,105.6,387937
"499","NKE.N",20121226,NA,"End Of Day (from Real-Time)",52.4,52.5,51.19,51.33,1052594
"500","NKE.N",20121227,NA,"End Of Day (from Real-Time)",51.27,51.94,50.93,51.76,951801
"501","NKE.N",20121228,NA,"End Of Day (from Real-Time)",51.35,51.67,50.99,50.99,980043
"502","NKE.N",20121231,NA,"End Of Day (from Real-Time)",50.74,51.63,50.61,51.6,1063529
"503","NKE.N",20130102,NA,"End Of Day (from Real-Time)",52.34,52.42,51.4,51.84,1032812
"504","NKE.N",20130103,NA,"End Of Day (from Real-Time)",51.95,52.59,51.79,52.37,1048702
"505","NKE.N",20130104,NA,"End Of Day (from Real-Time)",52.53,53.04,52.53,52.88,817452
"506","NKE.N",20130107,NA,"End Of Day (from Real-Time)",52.63,53.08,52.53,52.96,821587
"507","NKE.N",20130108,NA,"End Of Day (from Real-Time)",52.74,52.94,52.19,52.4,704743
"508","NKE.N",20130109,NA,"End Of Day (from Real-Time)",52.4,52.73,52.32,52.45,956147
"509","NKE.N",20130110,NA,"End Of Day (from Real-Time)",52.63,52.88,52.17,52.55,845877
"510","NKE.N",20130111,NA,"End Of Day (from Real-Time)",52.69,53.41,52.32,53.1,1497684
"511","NKE.N",20130114,NA,"End Of Day (from Real-Time)",53.22,53.48,53.02,53.19,989262
"512","NKE.N",20130115,NA,"End Of Day (from Real-Time)",53.11,53.75,52.9,53.64,914914
"513","NKE.N",20130116,NA,"End Of Day (from Real-Time)",53.39,54,53.24,53.73,660695
"514","NKE.N",20130117,NA,"End Of Day (from Real-Time)",53.65,53.97,53.31,53.48,827434
"515","NKE.N",20130118,NA,"End Of Day (from Real-Time)",53.54,53.56,52.98,53.29,1429302
"516","NKE.N",20130122,NA,"End Of Day (from Real-Time)",53.35,53.51,53.05,53.48,1187195
"517","NKE.N",20130123,NA,"End Of Day (from Real-Time)",53.1,53.35,52.81,53.09,1083821
"518","NKE.N",20130124,NA,"End Of Day (from Real-Time)",53.2,53.88,53.2,53.86,1130809
"519","NKE.N",20130125,NA,"End Of Day (from Real-Time)",54.06,55.57,53.99,55.55,2408314
"520","NKE.N",20130128,NA,"End Of Day (from Real-Time)",55.45,55.52,54.32,54.5,941968
"521","NKE.N",20130129,NA,"End Of Day (from Real-Time)",54.39,54.4,53.89,53.92,1144140
"522","NKE.N",20130130,NA,"End Of Day (from Real-Time)",53.97,54.16,53.562,53.61,860704
"523","NKE.N",20130131,NA,"End Of Day (from Real-Time)",53.61,54.27,53.45,54.05,1949495
"524","NKE.N",20130201,NA,"End Of Day (from Real-Time)",54.5,54.72,53.6,53.7,1006287
"525","NKE.N",20130204,NA,"End Of Day (from Real-Time)",53.62,54.25,53.5,53.66,774741
"526","NKE.N",20130205,NA,"End Of Day (from Real-Time)",54,54.3,53.86,53.89,737488
"527","NKE.N",20130206,NA,"End Of Day (from Real-Time)",53.64,54.37,53.5,54.16,765267
"528","NKE.N",20130207,NA,"End Of Day (from Real-Time)",54.16,54.72,54.08,54.68,634667
"529","NKE.N",20130208,NA,"End Of Day (from Real-Time)",54.57,55.18,54.48,54.59,846181
"530","NKE.N",20130211,NA,"End Of Day (from Real-Time)",55.27,55.89,54.73,55.22,1087791
"531","NKE.N",20130212,NA,"End Of Day (from Real-Time)",54.86,55.21,54.79,55.09,415608
"532","NKE.N",20130213,NA,"End Of Day (from Real-Time)",55.11,55.34,54.41,54.56,692653
"533","NKE.N",20130214,NA,"End Of Day (from Real-Time)",54.56,54.99,54.32,54.62,664560
"534","NKE.N",20130215,NA,"End Of Day (from Real-Time)",54.72,55.14,54.52,54.95,1325634
"535","NKE.N",20130219,NA,"End Of Day (from Real-Time)",54.89,55.16,54.3,54.47,1007883
"536","NKE.N",20130220,NA,"End Of Day (from Real-Time)",54.4,54.65,53.99,54.02,924121
"537","NKE.N",20130221,NA,"End Of Day (from Real-Time)",54.73,55.04,54.12,54.54,1162547
"538","NKE.N",20130222,NA,"End Of Day (from Real-Time)",54.6,54.88,54,54.47,837299
"539","NKE.N",20130225,NA,"End Of Day (from Real-Time)",54.48,54.99,54.04,54.04,1103405
"540","NKE.N",20130226,NA,"End Of Day (from Real-Time)",54.41,54.74,53.94,54.27,719903
"541","NKE.N",20130227,NA,"End Of Day (from Real-Time)",54.16,54.51,53.98,54.34,702081
"542","NKE.N",20130228,NA,"End Of Day (from Real-Time)",54.13,54.72,54,54.46,1083765
"543","NKE.N",20130301,NA,"End Of Day (from Real-Time)",54.44,54.83,54.19,54.82,863974
"544","NKE.N",20130304,NA,"End Of Day (from Real-Time)",54.55,54.89,54.41,54.73,561871
"545","NKE.N",20130305,NA,"End Of Day (from Real-Time)",55,55,54.55,54.9,1386824
"546","NKE.N",20130306,NA,"End Of Day (from Real-Time)",54.85,55.6,54.7,55.3,581739
"547","NKE.N",20130307,NA,"End Of Day (from Real-Time)",55.4,55.64,55.14,55.22,611779
"548","NKE.N",20130308,NA,"End Of Day (from Real-Time)",55.08,55.23,54.5,54.69,854693
"549","NKE.N",20130311,NA,"End Of Day (from Real-Time)",54.48,54.63,54.16,54.53,851875
"550","NKE.N",20130312,NA,"End Of Day (from Real-Time)",53.7,54.16,53.27,53.49,1142231
"551","NKE.N",20130313,NA,"End Of Day (from Real-Time)",53.66,54.99,53.601,54.85,977312
"552","NKE.N",20130314,NA,"End Of Day (from Real-Time)",54.85,54.9,54.34,54.69,877112
"553","NKE.N",20130315,NA,"End Of Day (from Real-Time)",54.39,54.83,54.29,54.78,2173475
"554","NKE.N",20130318,NA,"End Of Day (from Real-Time)",54.41,54.65,54.09,54.16,664401
"555","NKE.N",20130319,NA,"End Of Day (from Real-Time)",54.29,54.44,53.54,53.83,826341
"556","NKE.N",20130320,NA,"End Of Day (from Real-Time)",54.07,54.87,54.06,54.83,805043
"557","NKE.N",20130321,NA,"End Of Day (from Real-Time)",54.45,54.7,53.53,53.6,2177202
"558","NKE.N",20130322,NA,"End Of Day (from Real-Time)",58,60.23,57.91,59.53,2785044
"559","NKE.N",20130325,NA,"End Of Day (from Real-Time)",59.49,59.97,59.03,59.56,1846778
"560","NKE.N",20130326,NA,"End Of Day (from Real-Time)",59.5,59.62,58.9,59.47,1049031
"561","NKE.N",20130327,NA,"End Of Day (from Real-Time)",59,59.29,58.15,58.45,1527026
"562","NKE.N",20130328,NA,"End Of Day (from Real-Time)",59.3,59.3,58.45,59.01,1503747
"563","NKE.N",20130401,NA,"End Of Day (from Real-Time)",59,59.18,57.98,58.26,866959
"564","NKE.N",20130402,NA,"End Of Day (from Real-Time)",58.37,59.38,58.36,58.9,882541
"565","NKE.N",20130403,NA,"End Of Day (from Real-Time)",59.11,59.53,58.56,58.91,844423
"566","NKE.N",20130404,NA,"End Of Day (from Real-Time)",58.79,59.49,58.77,59.34,878511
"567","NKE.N",20130405,NA,"End Of Day (from Real-Time)",58.62,59.04,58.34,58.97,924475
"568","NKE.N",20130408,NA,"End Of Day (from Real-Time)",58.89,59.95,58.89,59.95,864712
"569","NKE.N",20130409,NA,"End Of Day (from Real-Time)",59.66,60.12,59.3,59.89,883491
"570","NKE.N",20130410,NA,"End Of Day (from Real-Time)",59.92,60.53,59.92,60.29,687292
"571","NKE.N",20130411,NA,"End Of Day (from Real-Time)",60.37,61.38,60.34,61.2,988539
"572","NKE.N",20130412,NA,"End Of Day (from Real-Time)",61.19,61.2,60.44,60.58,818730
"573","NKE.N",20130415,NA,"End Of Day (from Real-Time)",60.47,60.93,59.67,59.67,953022
"574","NKE.N",20130416,NA,"End Of Day (from Real-Time)",60.03,60.52,59.67,60.5,647809
"575","NKE.N",20130417,NA,"End Of Day (from Real-Time)",60.17,61.31,60.03,60.9,1189303
"576","NKE.N",20130418,NA,"End Of Day (from Real-Time)",61.03,61.19,59.7,60.18,797376
"577","NKE.N",20130419,NA,"End Of Day (from Real-Time)",60.47,61.03,60.28,60.92,1062577
"578","NKE.N",20130422,NA,"End Of Day (from Real-Time)",61.09,61.48,60.63,61.36,823557
"579","NKE.N",20130423,NA,"End Of Day (from Real-Time)",61.53,61.93,61.26,61.68,902226
"580","NKE.N",20130424,NA,"End Of Day (from Real-Time)",61.87,62,61.4,61.53,469635
"581","NKE.N",20130425,NA,"End Of Day (from Real-Time)",61.62,62.49,61.57,62.07,641084
"582","NKE.N",20130426,NA,"End Of Day (from Real-Time)",62.16,62.47,61.58,61.89,723729
"583","NKE.N",20130429,NA,"End Of Day (from Real-Time)",62,62.81,61.64,62.63,746439
"584","NKE.N",20130430,NA,"End Of Day (from Real-Time)",62.73,63.76,62.7,63.6,1335436
"585","NKE.N",20130501,NA,"End Of Day (from Real-Time)",63.56,64.28,63.2,63.36,815147
"586","NKE.N",20130502,NA,"End Of Day (from Real-Time)",63.29,63.55,62.95,63.32,750052
"587","NKE.N",20130503,NA,"End Of Day (from Real-Time)",63.77,64.95,63.7,64.55,964081
"588","NKE.N",20130506,NA,"End Of Day (from Real-Time)",64.4,64.55,63.78,63.96,602271
"589","NKE.N",20130507,NA,"End Of Day (from Real-Time)",64.2,64.37,63.81,63.91,776872
"590","NKE.N",20130508,NA,"End Of Day (from Real-Time)",63.7,64.11,63.67,63.9,853228
"591","NKE.N",20130509,NA,"End Of Day (from Real-Time)",63.93,64.53,63.65,63.74,653474
"592","NKE.N",20130510,NA,"End Of Day (from Real-Time)",63.9,64.79,63.67,64.76,987654
"593","NKE.N",20130513,NA,"End Of Day (from Real-Time)",64.51,64.8,64.33,64.65,633014
"594","NKE.N",20130514,NA,"End Of Day (from Real-Time)",64.6,65.98,64.6,65.91,920391
"595","NKE.N",20130515,NA,"End Of Day (from Real-Time)",65.78,65.99,65.45,65.83,738622
"596","NKE.N",20130516,NA,"End Of Day (from Real-Time)",65.76,66.06,64.16,64.44,803266
"597","NKE.N",20130517,NA,"End Of Day (from Real-Time)",64.47,65.44,64.4,65.32,977577
"598","NKE.N",20130520,NA,"End Of Day (from Real-Time)",65.27,65.5,65.06,65.33,520288
"599","NKE.N",20130521,NA,"End Of Day (from Real-Time)",65.34,65.43,64.98,65.23,557978
"600","NKE.N",20130522,NA,"End Of Day (from Real-Time)",65.24,65.57,64.1,64.45,1148215
"601","NKE.N",20130523,NA,"End Of Day (from Real-Time)",64,64.11,63.1,63.33,1181060
"602","NKE.N",20130524,NA,"End Of Day (from Real-Time)",62.44,62.87,61.56,62.79,927984
"603","NKE.N",20130528,NA,"End Of Day (from Real-Time)",63.65,64.1,63.04,63.28,1130096
"604","NKE.N",20130529,NA,"End Of Day (from Real-Time)",62.91,63.16,62.41,62.93,698559
"605","NKE.N",20130530,NA,"End Of Day (from Real-Time)",62.95,63.3,62.39,62.41,648214
"606","NKE.N",20130531,NA,"End Of Day (from Real-Time)",62.2,63.14,61.66,61.66,1288205
"607","NKE.N",20130603,NA,"End Of Day (from Real-Time)",61.6,63.08,61.14,63.03,974667
"608","NKE.N",20130604,NA,"End Of Day (from Real-Time)",63.38,63.57,62.33,62.78,630379
"609","NKE.N",20130605,NA,"End Of Day (from Real-Time)",62.34,62.94,61.6,61.75,898543
"610","NKE.N",20130606,NA,"End Of Day (from Real-Time)",61.74,62.17,61.21,62.16,646029
"611","NKE.N",20130607,NA,"End Of Day (from Real-Time)",62.89,63.08,62.25,62.75,857636
"612","NKE.N",20130610,NA,"End Of Day (from Real-Time)",63.05,63.46,62.75,63.04,661436
"613","NKE.N",20130611,NA,"End Of Day (from Real-Time)",62.01,62.93,62.01,62.15,524337
"614","NKE.N",20130612,NA,"End Of Day (from Real-Time)",62.57,62.57,61.36,61.41,713987
"615","NKE.N",20130613,NA,"End Of Day (from Real-Time)",61.3,61.91,61.03,61.76,673625
"616","NKE.N",20130614,NA,"End Of Day (from Real-Time)",61.63,62.39,61.61,61.89,702890
"617","NKE.N",20130617,NA,"End Of Day (from Real-Time)",62.5,62.7,61.82,61.94,861300
"618","NKE.N",20130618,NA,"End Of Day (from Real-Time)",61.84,62.25,61.64,62.15,908992
"619","NKE.N",20130619,NA,"End Of Day (from Real-Time)",62.14,62.32,61.73,61.75,927307
"620","NKE.N",20130620,NA,"End Of Day (from Real-Time)",61.31,61.62,60.64,60.78,1137954
"621","NKE.N",20130621,NA,"End Of Day (from Real-Time)",61.14,61.38,60.08,60.57,1977983
"622","NKE.N",20130624,NA,"End Of Day (from Real-Time)",60.04,60.51,59.12,59.95,960421
"623","NKE.N",20130625,NA,"End Of Day (from Real-Time)",60.42,60.98,59.95,60.39,1353472
"624","NKE.N",20130626,NA,"End Of Day (from Real-Time)",60.79,62.12,60.79,61.85,1618259
"625","NKE.N",20130627,NA,"End Of Day (from Real-Time)",63.06,63.25,62.15,62.32,1256091
"626","NKE.N",20130628,NA,"End Of Day (from Real-Time)",61.92,64.07,60.19,63.68,3576906
"627","NKE.N",20130701,NA,"End Of Day (from Real-Time)",64,64.59,62.21,62.33,1751410
"628","NKE.N",20130702,NA,"End Of Day (from Real-Time)",61.94,63.08,61.93,62.62,805999
"629","NKE.N",20130703,NA,"End Of Day (from Real-Time)",62.24,62.92,62.1,62.86,364985
"630","NKE.N",20130705,NA,"End Of Day (from Real-Time)",63.15,63.83,63.15,63.64,826192
"631","NKE.N",20130708,NA,"End Of Day (from Real-Time)",64,64.66,63.49,63.72,768997
"632","NKE.N",20130709,NA,"End Of Day (from Real-Time)",64,64.23,63.4,63.93,859733
"633","NKE.N",20130710,NA,"End Of Day (from Real-Time)",63.91,63.91,63.32,63.6,606503
"634","NKE.N",20130711,NA,"End Of Day (from Real-Time)",64.23,64.44,63.44,63.72,1028812
"635","NKE.N",20130712,NA,"End Of Day (from Real-Time)",63.63,63.79,63.49,63.67,685216
"636","NKE.N",20130715,NA,"End Of Day (from Real-Time)",63.4,63.65,63.25,63.35,719208
"637","NKE.N",20130716,NA,"End Of Day (from Real-Time)",63.16,63.46,62.47,62.7,906044
"638","NKE.N",20130717,NA,"End Of Day (from Real-Time)",62.63,63.67,62.63,63.33,676232
"639","NKE.N",20130718,NA,"End Of Day (from Real-Time)",63.13,63.78,62.91,63.32,536037
"640","NKE.N",20130719,NA,"End Of Day (from Real-Time)",63.31,63.58,63.08,63.35,1023949
"641","NKE.N",20130722,NA,"End Of Day (from Real-Time)",63.1,63.57,62.84,63.29,705695
"642","NKE.N",20130723,NA,"End Of Day (from Real-Time)",63.52,63.58,63.15,63.19,588698
"643","NKE.N",20130724,NA,"End Of Day (from Real-Time)",63.19,63.43,62.57,62.63,645628
"644","NKE.N",20130725,NA,"End Of Day (from Real-Time)",62.75,62.89,62.2,62.49,969045
"645","NKE.N",20130726,NA,"End Of Day (from Real-Time)",62.04,62.6,62.04,62.53,782509
"646","NKE.N",20130729,NA,"End Of Day (from Real-Time)",62.31,62.78,62.25,62.71,604639
"647","NKE.N",20130730,NA,"End Of Day (from Real-Time)",62.67,63.1,62.66,62.85,913770
"648","NKE.N",20130731,NA,"End Of Day (from Real-Time)",63.1,63.5,62.78,62.92,1435111
"649","NKE.N",20130801,NA,"End Of Day (from Real-Time)",63.3,66.11,63.29,65.97,1608514
"650","NKE.N",20130802,NA,"End Of Day (from Real-Time)",65.97,66.61,65.42,66.3,992077
"651","NKE.N",20130805,NA,"End Of Day (from Real-Time)",66.28,66.53,66.2,66.4,508657
"652","NKE.N",20130806,NA,"End Of Day (from Real-Time)",66.31,66.85,65.89,66.54,800550
"653","NKE.N",20130807,NA,"End Of Day (from Real-Time)",66.18,66.23,65.62,65.63,684813
"654","NKE.N",20130808,NA,"End Of Day (from Real-Time)",66.29,66.44,65.78,66.05,702773
"655","NKE.N",20130809,NA,"End Of Day (from Real-Time)",65.92,66.74,65.85,66.31,677278
"656","NKE.N",20130812,NA,"End Of Day (from Real-Time)",66.09,66.59,66.05,66.51,558263
"657","NKE.N",20130813,NA,"End Of Day (from Real-Time)",66.61,66.62,65.69,65.81,580600
"658","NKE.N",20130814,NA,"End Of Day (from Real-Time)",65.66,65.66,64.23,64.35,831125
"659","NKE.N",20130815,NA,"End Of Day (from Real-Time)",63.95,64,63.17,63.49,741162
"660","NKE.N",20130816,NA,"End Of Day (from Real-Time)",63.44,64.31,63.34,63.65,954515
"661","NKE.N",20130819,NA,"End Of Day (from Real-Time)",63.7,65.11,63.5,64.71,959683
"662","NKE.N",20130820,NA,"End Of Day (from Real-Time)",64.55,65.71,64.32,64.63,947575
"663","NKE.N",20130821,NA,"End Of Day (from Real-Time)",64.57,64.99,64.04,64.13,634324
"664","NKE.N",20130822,NA,"End Of Day (from Real-Time)",64.12,65.16,63.9,64.86,654793
"665","NKE.N",20130823,NA,"End Of Day (from Real-Time)",65.13,65.2,63.9,64.21,961897
"666","NKE.N",20130826,NA,"End Of Day (from Real-Time)",64.2,64.53,63.92,63.92,955671
"667","NKE.N",20130827,NA,"End Of Day (from Real-Time)",63.38,63.72,62.79,62.81,626215
"668","NKE.N",20130828,NA,"End Of Day (from Real-Time)",62.72,63.7,62.65,63.37,650081
"669","NKE.N",20130829,NA,"End Of Day (from Real-Time)",62.99,63.86,62.88,63.48,601262
"670","NKE.N",20130830,NA,"End Of Day (from Real-Time)",63.71,63.79,62.6,62.82,1007329
"671","NKE.N",20130903,NA,"End Of Day (from Real-Time)",63.72,64.9,63.51,64.29,1280432
"672","NKE.N",20130904,NA,"End Of Day (from Real-Time)",64.33,65.48,64.31,65.13,878069
"673","NKE.N",20130905,NA,"End Of Day (from Real-Time)",65,65.56,64.69,65.38,544833
"674","NKE.N",20130906,NA,"End Of Day (from Real-Time)",65.4,65.53,64.18,64.98,598869
"675","NKE.N",20130909,NA,"End Of Day (from Real-Time)",65.06,65.58,64.93,65.4,468191
"676","NKE.N",20130910,NA,"End Of Day (from Real-Time)",66.69,66.98,65.96,66.82,1200586
"677","NKE.N",20130911,NA,"End Of Day (from Real-Time)",67,67.81,66.82,67.59,1331168
"678","NKE.N",20130912,NA,"End Of Day (from Real-Time)",67.97,68.89,67.82,68.08,991502
"679","NKE.N",20130913,NA,"End Of Day (from Real-Time)",67.91,68.14,67.19,67.91,845022
"680","NKE.N",20130916,NA,"End Of Day (from Real-Time)",68.71,68.71,67.92,68.19,665030
"681","NKE.N",20130917,NA,"End Of Day (from Real-Time)",68.18,68.67,67.99,68.32,1075758
"682","NKE.N",20130918,NA,"End Of Day (from Real-Time)",67.97,69.85,67.97,69.48,927369
"683","NKE.N",20130919,NA,"End Of Day (from Real-Time)",69.8,70.55,68.81,69.5,1742106
"684","NKE.N",20130920,NA,"End Of Day (from Real-Time)",69.18,69.5,68.49,69.37,11249507
"685","NKE.N",20130923,NA,"End Of Day (from Real-Time)",69.37,69.53,68.06,68.98,1621701
"686","NKE.N",20130924,NA,"End Of Day (from Real-Time)",69.42,69.72,69.21,69.43,761903
"687","NKE.N",20130925,NA,"End Of Day (from Real-Time)",69.43,69.5,68.74,68.92,795318
"688","NKE.N",20130926,NA,"End Of Day (from Real-Time)",69.3,70.49,69.15,70.34,1163208
"689","NKE.N",20130927,NA,"End Of Day (from Real-Time)",74.85,75.22,73.35,73.64,2102112
"690","NKE.N",20130930,NA,"End Of Day (from Real-Time)",72.59,73.17,72.17,72.64,1770580
"691","NKE.N",20131001,NA,"End Of Day (from Real-Time)",73.02,73.25,72.02,72.42,1176670
"692","NKE.N",20131002,NA,"End Of Day (from Real-Time)",72,72.25,71.62,71.89,1171968
"693","NKE.N",20131003,NA,"End Of Day (from Real-Time)",71.88,72.49,71.07,71.64,798874
"694","NKE.N",20131004,NA,"End Of Day (from Real-Time)",71.84,72.35,71.32,72.14,869180
"695","NKE.N",20131007,NA,"End Of Day (from Real-Time)",71.32,71.96,71.32,71.34,834198
"696","NKE.N",20131008,NA,"End Of Day (from Real-Time)",71.3,72.1,70.18,70.28,957318
"697","NKE.N",20131009,NA,"End Of Day (from Real-Time)",70.56,71.47,69.96,70.89,897001
"698","NKE.N",20131010,NA,"End Of Day (from Real-Time)",72.16,73.45,71.94,73.44,1551487
"699","NKE.N",20131011,NA,"End Of Day (from Real-Time)",73.38,73.73,72.89,73.46,1724207
"700","NKE.N",20131014,NA,"End Of Day (from Real-Time)",72.95,74.16,72.95,74.06,734188
"701","NKE.N",20131015,NA,"End Of Day (from Real-Time)",73.9,74.37,73.41,73.71,849147
"702","NKE.N",20131016,NA,"End Of Day (from Real-Time)",74.09,74.61,73.73,74.52,1140112
"703","NKE.N",20131017,NA,"End Of Day (from Real-Time)",74.35,74.64,74.09,74.54,1151874
"704","NKE.N",20131018,NA,"End Of Day (from Real-Time)",74.46,75.99,74.28,75.93,1394375
"705","NKE.N",20131021,NA,"End Of Day (from Real-Time)",76,76.34,75.5,76.09,2270641
"706","NKE.N",20131022,NA,"End Of Day (from Real-Time)",75.95,76.49,75.52,75.96,893808
"707","NKE.N",20131023,NA,"End Of Day (from Real-Time)",75.47,75.94,75.13,75.56,540529
"708","NKE.N",20131024,NA,"End Of Day (from Real-Time)",75.75,75.77,75.26,75.51,676429
"709","NKE.N",20131025,NA,"End Of Day (from Real-Time)",75.82,76.34,75.36,75.7,1024450
"710","NKE.N",20131028,NA,"End Of Day (from Real-Time)",75.75,75.98,75.39,75.51,1162085
"711","NKE.N",20131029,NA,"End Of Day (from Real-Time)",75.83,76.18,75.54,75.91,491511
"712","NKE.N",20131030,NA,"End Of Day (from Real-Time)",76.62,76.88,75.95,76.13,791308
"713","NKE.N",20131031,NA,"End Of Day (from Real-Time)",75.94,76.27,75.15,75.76,1362273
"714","NKE.N",20131101,NA,"End Of Day (from Real-Time)",75.8,76.42,75.65,76.06,640539
"715","NKE.N",20131104,NA,"End Of Day (from Real-Time)",76.33,76.51,75.63,76.37,435109
"716","NKE.N",20131105,NA,"End Of Day (from Real-Time)",76.04,77.31,75.9,77.2,899541
"717","NKE.N",20131106,NA,"End Of Day (from Real-Time)",77.23,77.45,76.16,76.76,557042
"718","NKE.N",20131107,NA,"End Of Day (from Real-Time)",77.27,77.29,75.68,75.7,657227
"719","NKE.N",20131108,NA,"End Of Day (from Real-Time)",75.59,77.14,75.59,77.12,622187
"720","NKE.N",20131111,NA,"End Of Day (from Real-Time)",77.3,77.35,76.74,77.16,412809
"721","NKE.N",20131112,NA,"End Of Day (from Real-Time)",77,77.26,76.4,76.87,518055
"722","NKE.N",20131113,NA,"End Of Day (from Real-Time)",76.54,77.88,76.46,77.85,553432
"723","NKE.N",20131114,NA,"End Of Day (from Real-Time)",78.46,78.81,77.91,78.64,503908
"724","NKE.N",20131115,NA,"End Of Day (from Real-Time)",78.34,79.27,78.25,79.22,1063386
"725","NKE.N",20131118,NA,"End Of Day (from Real-Time)",79.4,79.4,78.33,78.58,960758
"726","NKE.N",20131119,NA,"End Of Day (from Real-Time)",78.41,78.58,77.56,77.81,774701
"727","NKE.N",20131120,NA,"End Of Day (from Real-Time)",78,78.6,77.73,77.84,733906
"728","NKE.N",20131121,NA,"End Of Day (from Real-Time)",77.82,78.21,77.45,78.09,677428
"729","NKE.N",20131122,NA,"End Of Day (from Real-Time)",78.59,78.98,77.99,78.87,844413
"730","NKE.N",20131125,NA,"End Of Day (from Real-Time)",79.06,79.58,78.89,79.13,759887
"731","NKE.N",20131126,NA,"End Of Day (from Real-Time)",79.16,79.86,79.16,79.6,756818
"732","NKE.N",20131127,NA,"End Of Day (from Real-Time)",79.69,79.83,79.1,79.33,598649
"733","NKE.N",20131129,NA,"End Of Day (from Real-Time)",79.58,79.76,79.08,79.14,623551
"734","NKE.N",20131202,NA,"End Of Day (from Real-Time)",79.51,80.12,78.93,79.09,1002921
"735","NKE.N",20131203,NA,"End Of Day (from Real-Time)",78.83,79.46,78.6,79.13,722091
"736","NKE.N",20131204,NA,"End Of Day (from Real-Time)",78.9,79.17,78.27,78.82,602155
"737","NKE.N",20131205,NA,"End Of Day (from Real-Time)",78.99,79.34,78.63,78.95,804204
"738","NKE.N",20131206,NA,"End Of Day (from Real-Time)",79.76,79.89,79.26,79.86,706343
"739","NKE.N",20131209,NA,"End Of Day (from Real-Time)",80,80.25,79.67,79.78,802417
"740","NKE.N",20131210,NA,"End Of Day (from Real-Time)",79.35,79.65,79.12,79.22,675803
"741","NKE.N",20131211,NA,"End Of Day (from Real-Time)",78.63,79.01,76.73,76.84,1517314
"742","NKE.N",20131212,NA,"End Of Day (from Real-Time)",76.49,76.73,75.42,76.23,1499967
"743","NKE.N",20131213,NA,"End Of Day (from Real-Time)",76.35,76.78,76.24,76.4,1011031
"744","NKE.N",20131216,NA,"End Of Day (from Real-Time)",76.66,77.1,76.39,76.44,1257249
"745","NKE.N",20131217,NA,"End Of Day (from Real-Time)",76.9,77.24,76.4,76.76,1888594
"746","NKE.N",20131218,NA,"End Of Day (from Real-Time)",77,78.57,76.95,78.55,1701484
"747","NKE.N",20131219,NA,"End Of Day (from Real-Time)",78.73,78.75,77.77,78.26,1309845
"748","NKE.N",20131220,NA,"End Of Day (from Real-Time)",77.47,77.7,76.64,77.34,3053071
"749","NKE.N",20131223,NA,"End Of Day (from Real-Time)",77.26,77.43,76.69,77.11,810817
"750","NKE.N",20131224,NA,"End Of Day (from Real-Time)",77.22,77.79,77.21,77.66,327577
"751","NKE.N",20131226,NA,"End Of Day (from Real-Time)",77.7,78.46,77.7,78.19,470077
"752","NKE.N",20131227,NA,"End Of Day (from Real-Time)",79,79,78.04,78.16,761118
"753","NKE.N",20131230,NA,"End Of Day (from Real-Time)",78.02,78.89,77.95,78.74,474111
"754","NKE.N",20131231,NA,"End Of Day (from Real-Time)",78.77,78.95,78.35,78.64,721139
"755","NKE.N",20140102,NA,"End Of Day (from Real-Time)",78.22,78.83,77.93,78.24,649265
"756","NKE.N",20140103,NA,"End Of Day (from Real-Time)",78.15,78.63,77.96,78.03,584717
"757","NKE.N",20140106,NA,"End Of Day (from Real-Time)",78.47,78.6,77.41,77.43,799936
"758","NKE.N",20140107,NA,"End Of Day (from Real-Time)",77.86,78,77.41,77.49,952537
"759","NKE.N",20140108,NA,"End Of Day (from Real-Time)",77.5,77.95,76.93,77.09,967215
"760","NKE.N",20140109,NA,"End Of Day (from Real-Time)",77.38,77.45,76.76,77.09,995609
"761","NKE.N",20140110,NA,"End Of Day (from Real-Time)",77,77.32,76.7,76.92,846866
"762","NKE.N",20140113,NA,"End Of Day (from Real-Time)",76.83,76.92,75,75.18,1330367
"763","NKE.N",20140114,NA,"End Of Day (from Real-Time)",75.23,75.34,74.65,75.17,1081214
"764","NKE.N",20140115,NA,"End Of Day (from Real-Time)",75.25,75.72,75.14,75.43,940901
"765","NKE.N",20140116,NA,"End Of Day (from Real-Time)",75.23,75.37,74.361,74.79,793275
"766","NKE.N",20140117,NA,"End Of Day (from Real-Time)",74.4,74.74,73.38,73.39,1433390
"767","NKE.N",20140121,NA,"End Of Day (from Real-Time)",74.08,74.6,73.41,73.75,1938316
"768","NKE.N",20140122,NA,"End Of Day (from Real-Time)",73.96,74.06,73.5,73.5,835434
"769","NKE.N",20140123,NA,"End Of Day (from Real-Time)",72.96,73,72.03,72.73,1024118
"770","NKE.N",20140124,NA,"End Of Day (from Real-Time)",72.25,72.66,71.64,71.65,1236455
"771","NKE.N",20140127,NA,"End Of Day (from Real-Time)",71.9,72.25,71.73,71.9,1349552
"772","NKE.N",20140128,NA,"End Of Day (from Real-Time)",72.24,73.14,72.19,72.71,944132
"773","NKE.N",20140129,NA,"End Of Day (from Real-Time)",72.39,72.57,71.53,71.77,1269432
"774","NKE.N",20140130,NA,"End Of Day (from Real-Time)",72.49,74.19,72.48,73.94,1064635
"775","NKE.N",20140131,NA,"End Of Day (from Real-Time)",72.95,73.3,72.37,72.85,1405475
"776","NKE.N",20140203,NA,"End Of Day (from Real-Time)",72.76,72.77,70.78,70.88,1186169
"777","NKE.N",20140204,NA,"End Of Day (from Real-Time)",71.11,71.23,70.35,70.51,879213
"778","NKE.N",20140205,NA,"End Of Day (from Real-Time)",70.47,70.86,69.86,70.6,903064
"779","NKE.N",20140206,NA,"End Of Day (from Real-Time)",70.75,72.25,70.5,71.51,807990
"780","NKE.N",20140207,NA,"End Of Day (from Real-Time)",71.96,72.845,71.76,72.69,916952
"781","NKE.N",20140210,NA,"End Of Day (from Real-Time)",72.82,72.99,72.14,72.67,590428
"782","NKE.N",20140211,NA,"End Of Day (from Real-Time)",72.65,74.14,72.45,73.98,890750
"783","NKE.N",20140212,NA,"End Of Day (from Real-Time)",74.31,74.79,73.84,74.11,666251
"784","NKE.N",20140213,NA,"End Of Day (from Real-Time)",73.83,74.95,73.74,74.87,634702
"785","NKE.N",20140214,NA,"End Of Day (from Real-Time)",74.87,75.17,74.2,75.07,654559
"786","NKE.N",20140218,NA,"End Of Day (from Real-Time)",75.18,75.46,74.91,75.21,646794
"787","NKE.N",20140219,NA,"End Of Day (from Real-Time)",74.81,75.543,74.72,74.82,627819
"788","NKE.N",20140220,NA,"End Of Day (from Real-Time)",75.02,75.75,75.02,75.58,587987
"789","NKE.N",20140221,NA,"End Of Day (from Real-Time)",75.78,76.66,75.6,76.48,1243404
"790","NKE.N",20140224,NA,"End Of Day (from Real-Time)",76.59,78.13,76.55,77.84,1121519
"791","NKE.N",20140225,NA,"End Of Day (from Real-Time)",77.73,78.51,77.57,78.11,781675
"792","NKE.N",20140226,NA,"End Of Day (from Real-Time)",78.41,79.05,78.32,78.42,958898
"793","NKE.N",20140227,NA,"End Of Day (from Real-Time)",78.13,78.39,77.49,78.02,791385
"794","NKE.N",20140228,NA,"End Of Day (from Real-Time)",77.9,78.7,77.61,78.3,1180616
"795","NKE.N",20140303,NA,"End Of Day (from Real-Time)",77.63,77.98,76.56,77.39,830230
"796","NKE.N",20140304,NA,"End Of Day (from Real-Time)",78.61,79.05,78.36,78.62,800456
"797","NKE.N",20140305,NA,"End Of Day (from Real-Time)",78.49,78.6,77.36,77.42,951211
"798","NKE.N",20140306,NA,"End Of Day (from Real-Time)",77.75,78.39,77.37,78.22,767552
"799","NKE.N",20140307,NA,"End Of Day (from Real-Time)",79.19,80.07,79.1,79.46,941580
"800","NKE.N",20140310,NA,"End Of Day (from Real-Time)",79.17,79.36,78.46,78.98,825184
"801","NKE.N",20140311,NA,"End Of Day (from Real-Time)",79.05,79.62,78.57,78.8,486213
"802","NKE.N",20140312,NA,"End Of Day (from Real-Time)",78.26,79,78.03,78.97,566271
"803","NKE.N",20140313,NA,"End Of Day (from Real-Time)",79.25,79.72,78.35,78.53,795558
"804","NKE.N",20140314,NA,"End Of Day (from Real-Time)",78.51,78.98,77.81,78.32,706115
"805","NKE.N",20140317,NA,"End Of Day (from Real-Time)",78.82,79.14,78.52,78.98,1212564
"806","NKE.N",20140318,NA,"End Of Day (from Real-Time)",79.18,80.07,79.06,79.64,675610
"807","NKE.N",20140319,NA,"End Of Day (from Real-Time)",79.5,79.95,78.56,79.15,761040
"808","NKE.N",20140320,NA,"End Of Day (from Real-Time)",78.95,79.27,77.79,79.27,854948
"809","NKE.N",20140321,NA,"End Of Day (from Real-Time)",76.86,77.28,75,75.21,5229907
"810","NKE.N",20140324,NA,"End Of Day (from Real-Time)",75.57,75.83,74.57,74.86,1043265
"811","NKE.N",20140325,NA,"End Of Day (from Real-Time)",75.5,75.5,73.59,73.65,1038225
"812","NKE.N",20140326,NA,"End Of Day (from Real-Time)",74.21,74.5,73.22,73.22,949617
"813","NKE.N",20140327,NA,"End Of Day (from Real-Time)",73.31,74.1,73.01,73.32,859237
"814","NKE.N",20140328,NA,"End Of Day (from Real-Time)",73.58,74.1,73.29,73.54,650892
"815","NKE.N",20140331,NA,"End Of Day (from Real-Time)",74.01,74.18,73.46,73.86,962909
"816","NKE.N",20140401,NA,"End Of Day (from Real-Time)",74.02,74.77,74.02,74.39,932827
"817","NKE.N",20140402,NA,"End Of Day (from Real-Time)",74.66,75,74.325,74.54,1113725
"818","NKE.N",20140403,NA,"End Of Day (from Real-Time)",74.75,75.16,73.82,73.99,1067534
"819","NKE.N",20140404,NA,"End Of Day (from Real-Time)",74.38,74.5,72.52,72.84,1243742
"820","NKE.N",20140407,NA,"End Of Day (from Real-Time)",72.82,72.94,70.6,70.83,1413290
"821","NKE.N",20140408,NA,"End Of Day (from Real-Time)",72.01,73.11,71.91,72.92,1307445
"822","NKE.N",20140409,NA,"End Of Day (from Real-Time)",73.26,73.59,72.56,73.56,1048809
"823","NKE.N",20140410,NA,"End Of Day (from Real-Time)",73.77,74.17,72.25,72.45,1028001
"824","NKE.N",20140411,NA,"End Of Day (from Real-Time)",72,72.66,71.22,71.25,1211985
"825","NKE.N",20140414,NA,"End Of Day (from Real-Time)",71.7,72.46,71.3,72.38,994107
"826","NKE.N",20140415,NA,"End Of Day (from Real-Time)",72.38,72.87,71.73,72.28,904828
"827","NKE.N",20140416,NA,"End Of Day (from Real-Time)",72.82,73.18,72.5,73.1,684526
"828","NKE.N",20140417,NA,"End Of Day (from Real-Time)",73.31,74.43,73.29,74.03,1328901
"829","NKE.N",20140421,NA,"End Of Day (from Real-Time)",73.91,74.059,73.33,73.9,793542
"830","NKE.N",20140422,NA,"End Of Day (from Real-Time)",73.88,74.7,73.82,74.35,802801
"831","NKE.N",20140423,NA,"End Of Day (from Real-Time)",74.54,74.86,74.02,74.1,575634
"832","NKE.N",20140424,NA,"End Of Day (from Real-Time)",74.24,74.37,73.11,73.39,744244
"833","NKE.N",20140425,NA,"End Of Day (from Real-Time)",73.09,73.69,72.51,72.7,725840
"834","NKE.N",20140428,NA,"End Of Day (from Real-Time)",73.3,73.69,71.1,71.67,1153187
"835","NKE.N",20140429,NA,"End Of Day (from Real-Time)",71.81,72.72,71.66,72.48,1220984
"836","NKE.N",20140430,NA,"End Of Day (from Real-Time)",72.33,73.05,72.1,72.95,818766
"837","NKE.N",20140501,NA,"End Of Day (from Real-Time)",72.81,73.38,72.59,72.92,606888
"838","NKE.N",20140502,NA,"End Of Day (from Real-Time)",72.93,73.53,72.88,72.99,549022
"839","NKE.N",20140505,NA,"End Of Day (from Real-Time)",72.6,73.43,72.27,73.29,702070
"840","NKE.N",20140506,NA,"End Of Day (from Real-Time)",72.99,73.14,72.22,72.25,579767
"841","NKE.N",20140507,NA,"End Of Day (from Real-Time)",72.71,72.81,71.54,72.18,786190
"842","NKE.N",20140508,NA,"End Of Day (from Real-Time)",72.28,73.35,72.27,73.05,1156442
"843","NKE.N",20140509,NA,"End Of Day (from Real-Time)",72.87,73.57,72.74,73.45,796713
"844","NKE.N",20140512,NA,"End Of Day (from Real-Time)",73.47,74.66,73.38,74.63,786276
"845","NKE.N",20140513,NA,"End Of Day (from Real-Time)",74.84,75,74.53,74.59,557462
"846","NKE.N",20140514,NA,"End Of Day (from Real-Time)",74.48,74.65,73.5,73.58,665073
"847","NKE.N",20140515,NA,"End Of Day (from Real-Time)",73.41,73.58,72.39,72.94,768833
"848","NKE.N",20140516,NA,"End Of Day (from Real-Time)",72.88,73.95,72.83,73.94,946200
"849","NKE.N",20140519,NA,"End Of Day (from Real-Time)",73.83,74.55,73.75,74.49,816398
"850","NKE.N",20140520,NA,"End Of Day (from Real-Time)",74,74.1,73.11,73.26,806418
"851","NKE.N",20140521,NA,"End Of Day (from Real-Time)",73.38,74.25,73.3,74.21,659785
"852","NKE.N",20140522,NA,"End Of Day (from Real-Time)",74.28,74.92,74.01,74.88,820351
"853","NKE.N",20140523,NA,"End Of Day (from Real-Time)",75,76.3,74.98,75.85,949214
"854","NKE.N",20140527,NA,"End Of Day (from Real-Time)",76.49,76.85,76.22,76.61,941956
"855","NKE.N",20140528,NA,"End Of Day (from Real-Time)",76.53,76.61,75.92,76.27,683363
"856","NKE.N",20140529,NA,"End Of Day (from Real-Time)",76.2,76.61,75.985,76.38,604315
"857","NKE.N",20140530,NA,"End Of Day (from Real-Time)",76.4,76.93,76.3,76.91,1008437
"858","NKE.N",20140602,NA,"End Of Day (from Real-Time)",76.76,76.89,76.31,76.72,705783
"859","NKE.N",20140603,NA,"End Of Day (from Real-Time)",76.42,76.59,75.48,75.55,1124966
"860","NKE.N",20140604,NA,"End Of Day (from Real-Time)",75.56,76.35,75.49,76.13,1038596
"861","NKE.N",20140605,NA,"End Of Day (from Real-Time)",76.36,76.52,75.337,75.87,914236
"862","NKE.N",20140606,NA,"End Of Day (from Real-Time)",76.2,76.86,76.15,76.23,1185816
"863","NKE.N",20140609,NA,"End Of Day (from Real-Time)",76.38,76.91,76.23,76.67,665363
"864","NKE.N",20140610,NA,"End Of Day (from Real-Time)",76.34,76.91,76.24,76.31,879545
"865","NKE.N",20140611,NA,"End Of Day (from Real-Time)",75.74,75.8,74.9,75.14,908931
"866","NKE.N",20140612,NA,"End Of Day (from Real-Time)",75.14,75.44,74.59,74.77,711402
"867","NKE.N",20140613,NA,"End Of Day (from Real-Time)",74.77,74.93,73.14,74.62,1008698
"868","NKE.N",20140616,NA,"End Of Day (from Real-Time)",74.73,75.3,74.4,74.55,750948
"869","NKE.N",20140617,NA,"End Of Day (from Real-Time)",74.65,75.15,74.25,75.09,728194
"870","NKE.N",20140618,NA,"End Of Day (from Real-Time)",75,76.36,74.79,76.21,815464
"871","NKE.N",20140619,NA,"End Of Day (from Real-Time)",76.38,76.41,75.22,75.64,742420
"872","NKE.N",20140620,NA,"End Of Day (from Real-Time)",75.98,76,75.05,75.1,3370490
"873","NKE.N",20140623,NA,"End Of Day (from Real-Time)",75.1,75.61,74.41,75.45,1074038
"874","NKE.N",20140624,NA,"End Of Day (from Real-Time)",75.42,75.96,74.94,74.98,1120622
"875","NKE.N",20140625,NA,"End Of Day (from Real-Time)",75.09,76.53,75.09,76.47,941885
"876","NKE.N",20140626,NA,"End Of Day (from Real-Time)",76.57,76.91,75.68,76.86,1262529
"877","NKE.N",20140627,NA,"End Of Day (from Real-Time)",78.57,79.12,77.68,77.68,2105972
"878","NKE.N",20140630,NA,"End Of Day (from Real-Time)",77.38,77.73,77.09,77.55,1272460
"879","NKE.N",20140701,NA,"End Of Day (from Real-Time)",77.89,78.54,77.82,78,1061380
"880","NKE.N",20140702,NA,"End Of Day (from Real-Time)",78.11,78.4,77.69,77.79,859646
"881","NKE.N",20140703,NA,"End Of Day (from Real-Time)",77.23,78.6,77.01,78.45,840254
"882","NKE.N",20140707,NA,"End Of Day (from Real-Time)",78,78.82,77.95,78.65,664341
"883","NKE.N",20140708,NA,"End Of Day (from Real-Time)",78.2,78.2,77.08,77.67,730969
"884","NKE.N",20140709,NA,"End Of Day (from Real-Time)",77.78,78.765,77.69,78.69,757665
"885","NKE.N",20140710,NA,"End Of Day (from Real-Time)",77.31,77.8,76.79,77.5,900032
"886","NKE.N",20140711,NA,"End Of Day (from Real-Time)",77.59,77.59,76.76,77.29,817640
"887","NKE.N",20140714,NA,"End Of Day (from Real-Time)",78.01,78.19,77.6,77.95,671287
"888","NKE.N",20140715,NA,"End Of Day (from Real-Time)",77.52,78.2,77.48,78.03,1032157
"889","NKE.N",20140716,NA,"End Of Day (from Real-Time)",77.86,78.228,76.77,76.92,1100705
"890","NKE.N",20140717,NA,"End Of Day (from Real-Time)",76.48,76.97,76.3,76.53,867509
"891","NKE.N",20140718,NA,"End Of Day (from Real-Time)",76.94,77.71,76.72,77.52,1081448
"892","NKE.N",20140721,NA,"End Of Day (from Real-Time)",76.9,77.29,76.7,76.82,664814
"893","NKE.N",20140722,NA,"End Of Day (from Real-Time)",77.11,77.63,77.01,77.04,781113
"894","NKE.N",20140723,NA,"End Of Day (from Real-Time)",77.26,77.45,76.842,77.37,542416
"895","NKE.N",20140724,NA,"End Of Day (from Real-Time)",78,78.76,77.89,78.6,776101
"896","NKE.N",20140725,NA,"End Of Day (from Real-Time)",78.36,78.77,77.62,77.72,542713
"897","NKE.N",20140728,NA,"End Of Day (from Real-Time)",77.93,78.6,77.52,78.4,555778
"898","NKE.N",20140729,NA,"End Of Day (from Real-Time)",78.4,78.86,78.1,78.1,675876
"899","NKE.N",20140730,NA,"End Of Day (from Real-Time)",78.39,79.93,78.28,79.61,912696
"900","NKE.N",20140731,NA,"End Of Day (from Real-Time)",78.5,79.01,76.98,77.13,1131318
"901","NKE.N",20140801,NA,"End Of Day (from Real-Time)",76.7,77.245,76.41,76.78,761866
"902","NKE.N",20140804,NA,"End Of Day (from Real-Time)",76.88,77.4,76.292,77.16,512455
"903","NKE.N",20140805,NA,"End Of Day (from Real-Time)",76.76,77.64,76.53,76.92,543018
"904","NKE.N",20140806,NA,"End Of Day (from Real-Time)",76.51,77.24,76.45,77.14,490398
"905","NKE.N",20140807,NA,"End Of Day (from Real-Time)",77.73,77.73,75.98,76.35,713953
"906","NKE.N",20140808,NA,"End Of Day (from Real-Time)",76.35,77.1,75.93,77.06,941023
"907","NKE.N",20140811,NA,"End Of Day (from Real-Time)",77.5,77.5,76.99,77.06,679660
"908","NKE.N",20140812,NA,"End Of Day (from Real-Time)",77,77.44,76.49,76.73,867782
"909","NKE.N",20140813,NA,"End Of Day (from Real-Time)",77.08,77.79,76.56,77.25,579263
"910","NKE.N",20140814,NA,"End Of Day (from Real-Time)",77.52,77.8,76.97,77.3,373998
"911","NKE.N",20140815,NA,"End Of Day (from Real-Time)",77.72,78,76.493,77.13,841970
"912","NKE.N",20140818,NA,"End Of Day (from Real-Time)",77.69,78.69,77.61,78.55,747920
"913","NKE.N",20140819,NA,"End Of Day (from Real-Time)",78.68,79.09,78.36,78.51,888569
"914","NKE.N",20140820,NA,"End Of Day (from Real-Time)",78.19,79.08,78.19,78.91,631146
"915","NKE.N",20140821,NA,"End Of Day (from Real-Time)",79.04,79.4,78.65,78.94,697868
"916","NKE.N",20140822,NA,"End Of Day (from Real-Time)",79.25,79.72,78.92,79.29,822753
"917","NKE.N",20140825,NA,"End Of Day (from Real-Time)",79.6,80.3,79.5,80.01,626226
"918","NKE.N",20140826,NA,"End Of Day (from Real-Time)",80,80.1,79.42,79.48,760998
"919","NKE.N",20140827,NA,"End Of Day (from Real-Time)",79.96,79.96,79.42,79.72,568287
"920","NKE.N",20140828,NA,"End Of Day (from Real-Time)",79.08,79.21,78.68,78.82,684039
"921","NKE.N",20140829,NA,"End Of Day (from Real-Time)",78.85,78.94,78.27,78.55,915302
"922","NKE.N",20140902,NA,"End Of Day (from Real-Time)",78.54,79.52,78.54,79.28,1032876
"923","NKE.N",20140903,NA,"End Of Day (from Real-Time)",79.86,79.87,78.54,78.82,665430
"924","NKE.N",20140904,NA,"End Of Day (from Real-Time)",79.2,80.21,79.18,79.92,798689
"925","NKE.N",20140905,NA,"End Of Day (from Real-Time)",79.56,82.105,79.37,82.04,1510126
"926","NKE.N",20140908,NA,"End Of Day (from Real-Time)",81.92,82.79,81.11,82.4,1211806
"927","NKE.N",20140909,NA,"End Of Day (from Real-Time)",82.27,82.54,81.51,81.84,988946
"928","NKE.N",20140910,NA,"End Of Day (from Real-Time)",81.73,82.61,81.5,82.47,812788
"929","NKE.N",20140911,NA,"End Of Day (from Real-Time)",82.24,82.59,81.54,81.82,920526
"930","NKE.N",20140912,NA,"End Of Day (from Real-Time)",81.97,82,81.42,81.84,1125399
"931","NKE.N",20140915,NA,"End Of Day (from Real-Time)",82.1,82.17,81.01,81.61,1003205
"932","NKE.N",20140916,NA,"End Of Day (from Real-Time)",81.23,81.54,80.84,81.2,936211
"933","NKE.N",20140917,NA,"End Of Day (from Real-Time)",81.55,81.83,81.02,81.51,1144823
"934","NKE.N",20140918,NA,"End Of Day (from Real-Time)",81.85,82,81.25,81.97,894228
"935","NKE.N",20140919,NA,"End Of Day (from Real-Time)",82.57,82.58,81.34,81.81,6371831
"936","NKE.N",20140922,NA,"End Of Day (from Real-Time)",81.68,81.87,80.2,80.71,1277455
"937","NKE.N",20140923,NA,"End Of Day (from Real-Time)",80.52,80.57,79.89,80.12,945696
"938","NKE.N",20140924,NA,"End Of Day (from Real-Time)",80.19,80.87,79.92,80.84,1417619
"939","NKE.N",20140925,NA,"End Of Day (from Real-Time)",80.5,80.59,79.29,79.75,1484604
"940","NKE.N",20140926,NA,"End Of Day (from Real-Time)",88.03,89.99,87.3,89.5,2572685
"941","NKE.N",20140929,NA,"End Of Day (from Real-Time)",88.31,90.09,88.3,89.12,1530980
"942","NKE.N",20140930,NA,"End Of Day (from Real-Time)",88.69,90.28,88.41,89.2,1517735
